train_1/reward_-27.0_frac,train_0/target_q,train_1/reward_-0.0_frac,train_1/next_q,train_1/subgoal_succ_rate,train_0/current_q,train_1/q_grads,test_1/n_subgoals,train_1/target_q,train_1/q_grads_std,train_1/mu_grads_std,policy/steps,train_0/q_loss,test_1/subgoal_succ_rate,train_0/mu_grads_std,test_1/avg_q,train_0/mu_loss,test_0/avg_q,train/success_rate,train_1/fw_loss,train/episodes,test/episodes,train_0/q_grads,train_0/q_grads_std,test/success_rate,train_0/avg_q,train_1/mu_loss,train_1/reward_-1.0_frac,train_1/avg_q,train_0/next_q,train_0/reward_-1.0_frac,train_0/mu_grads,train_1/current_q,train_1/mu_grads,train_0/fw_loss,epoch,train_0/reward,train_1/q_loss,train_1/n_subgoals,train_1/reward,train_1/fw_bonus,train_0/reward_-0.0_frac,train_0/fw_bonus
0.0,-7.966754943308516,0.0,-4.676600626400441,0.011851851851851851,-7.666125567177656,0.01691357367672026,675.0,-5.411053987782092,0.1091374684125185,0.21472565606236457,90489.0,0.3077557940060382,0.0,0.16785626597702502,-6.326706633185527,7.514767311994595,-27.0,0.0,0.00019900176412193104,100.0,25.0,0.007565098872873932,0.13257980197668076,0.0,-16.45503022123032,5.661319479096159,0.3935302734375,-5.017789400887019,-7.528874807136001,0.02109375,-0.009463810943998396,-5.412777007637441,0.01664830599911511,0.005818259634543211,0,-0.877045233809622,0.6973194783086321,2700.0,-1.5581780270746095,-0.9999421194195748,0.0,-0.9987393513321876
0.0,-8.59237315582421,0.0,-26.999993196066203,0.0,-8.303263983025069,0.0006410609552403912,675.0,-24.147216833495985,0.13170779906213284,0.2200022242963314,181614.0,0.30366542291620136,0.0,0.1869585584849119,-26.999985004829004,8.16421715478292,-26.999999999994444,0.0,0.00021428493146231632,200.0,50.0,0.0002838531308952952,0.13352326229214667,0.0,-26.99999999999123,27.999993368432552,0.3482666015625,-17.735267373238734,-8.1844110572283,0.0678955078125,-0.011879257066175342,-26.999884229766884,0.01252285682130605,0.0038042694970499722,1,-0.8762190359382658,73.64762252353717,2700.0,-1.564491339889355,-0.9999370351433754,0.0,-0.9991758406162262
0.0,-9.174178201862642,0.0,-6.623528488195198,0.0,-9.05311291935391,-0.030597746185958386,675.0,-7.063718012207043,0.14649868458509446,0.2228774804621935,272739.0,0.23153603424226965,0.0,0.234006180241704,-8.16374651621902,8.9119285898172,-26.85486735183828,0.0,0.0004328055933001451,300.0,75.0,-0.011504689999856054,0.15333107560873033,0.0,-26.947367630272268,7.598489147053206,0.5285888671875,-19.063170260769354,-8.904807269257892,0.066748046875,-0.02378350906074047,-7.058589294029666,0.01215703405905515,0.003948564198799432,2,-0.8750542241192306,2.315268115220223,2700.0,-1.559273069316987,-0.9998641014099121,0.0,-0.9991445556282997
0.0,-9.554922240576072,0.0,-5.24506058186618e-05,0.0,-9.443806259887221,-0.031577412504702806,675.0,-1.565045822127584,0.1735490534454584,0.2311222054064274,363864.0,0.3022620239304651,0.0,0.2584629714488983,-0.013183756221740237,9.345683207628717,-26.91480580829624,0.0,0.0005279766013700282,400.0,100.0,-0.019943638425320386,0.16124679669737815,0.0,-26.93566937419906,1.0000607164505344,0.4669189453125,-6.933813628756477,-9.333964418222767,0.0917724609375,-0.02883356702513993,-0.017074436520872954,0.00218288071337156,0.003970513725653291,3,-0.8770404023031005,5.841834528404706,2700.0,-1.5650048632916878,-0.9998323440551757,0.0,-0.9991398066282272
0.0,-9.790968300081568,0.0,-3.150626292877319e-07,0.0,-9.665639111461394,-0.026721546053886415,675.0,-1.5883760979948103,0.1869945764541626,0.22887368500232697,454989.0,0.3339808552085647,0.0,0.28842427432537077,-1.809373382334878e-05,9.54918301815328,-26.53213061732394,0.0,0.0033297524583758785,500.0,125.0,-0.021725705452263357,0.1688555095344782,0.0,-26.78308954909262,1.0000004043207258,0.2311767578125,-0.2734531771368011,-9.545326832346111,0.074755859375,-0.039989339839667085,-0.00013305738943555703,0.0062577318516559895,0.009480047528631986,4,-0.8796665766189108,6.098950698407211,2700.0,-1.5883758339710767,-0.998897272348404,0.0,-0.9979457333683968
0.0,-10.232294063622668,0.0,-7.602934602997889e-07,0.00037037037037037035,-10.095653558541173,-0.02842044746503234,675.0,-1.5920099465089126,0.1863479170948267,0.22887348160147666,546110.0,0.3673971978111764,0.0,0.30916708409786225,-7.429430368561129e-05,9.993617631204831,-26.728778188394386,0.0,0.0024444045877316965,600.0,150.0,-0.020848781056702136,0.17422082126140595,0.0,-26.59705073781769,1.0000010247122024,0.1625732421875,-1.53964160791648e-05,-9.983794295170034,0.0322509765625,-0.039890353474766015,-0.00026555116676111234,0.00625832088990137,0.012720946059562265,5,-0.8826431986963144,6.121856234314511,2700.0,-1.5920093052845914,-0.9991927444934845,0.0,-0.9972433358430862
0.0,-10.375892913927865,0.0,-6.394647422864358,0.0,-10.238646724734409,-0.030514250323176385,675.0,-6.976708671547942,0.22599808387458326,0.22846913821995257,637235.0,0.3692062825260847,0.0,0.3246036611497402,-18.91936438723559,10.116092270331768,-26.0092247585294,0.0,0.0025111938011832535,700.0,175.0,-0.020422337111085653,0.18054376132786273,0.0,-26.2104237527998,7.592422386380683,0.1183837890625,-1.7541545116145318,-10.098607432645801,0.0241943359375,-0.044307015277445315,-4.195921148287948,0.01664221491664648,0.017001326894387603,6,-0.8883134058705764,39.63271885707415,2700.0,-1.5896549404744291,-0.9991704508662224,0.0,-0.9963156610727311
0.0,-10.694401942740578,0.0,-0.0001164574479777782,0.0,-10.5572970229348,-0.042161803040653464,675.0,-1.5676103957921093,0.24299141354858875,0.23213127963244914,728360.0,0.4060043120663613,0.0,0.3389511860907078,-0.13069654945945497,10.425288700431453,-26.99986920892261,0.0,0.001796968950657174,800.0,200.0,-0.018899272894486785,0.1922017142176628,0.0,-26.347522406565602,1.000117286364192,0.09013671875,-9.599580197800346,-10.400152393679358,0.0166259765625,-0.047018260881304744,-0.07715726620181107,0.03226445354521275,0.015594793530181051,7,-0.8945906166089117,5.7524898008259715,2700.0,-1.5675009500642774,-0.9994088158011436,0.0,-0.9966204956173896
0.0,-10.439391972600712,0.0,-1.632855736947646e-15,0.0,-10.302113386193799,-0.03537654457613826,675.0,-1.556897333817325,0.2597057081758976,0.2371826820075512,819485.0,0.30600022106653035,0.0,0.35446291118860246,-0.038689842190416,10.13408184712948,-26.999999999437886,0.0,0.0013652788707986473,900.0,225.0,-0.019080272177234292,0.20142137669026852,0.0,-26.999693280838002,1.0000000000000058,0.076025390625,-3.5487088631388843,-10.106783701549588,0.007958984375,-0.04660076592117548,-0.002180322845807236,0.03560431255027652,0.015338989510200917,8,-0.8944979189393052,5.806313889840881,2700.0,-1.5568973338173238,-0.9995528802275657,0.0,-0.9966759234666824
0.0,-10.489895244566881,0.0,-3.043593784213423e-20,0.0,-10.348402102054067,-0.03115393645130098,675.0,-1.5835765061172424,0.27847378328442574,0.23683276772499084,910610.0,0.27130587825956953,0.0,0.36172036826610565,-4.8877648308432254e-08,10.19631653188929,-26.999999999994404,0.0,0.0016063061382737942,1000.0,250.0,-0.01974941003136337,0.20606486462056636,0.0,-26.999999996537614,1.0,0.082763671875,-2.650380520599001,-10.17087442099239,0.0171875,-0.04780365861952305,-1.4270548924589215e-06,0.03812306746840477,0.012081851228140294,9,-0.8940813098408398,6.035156720119671,2700.0,-1.5835765061172424,-0.9994724497199059,0.0,-0.9973818510770798
0.0,-10.358265479416541,0.0,-2.8571686049159533e-20,0.0,-10.217275239060646,-0.03127910392358899,675.0,-1.5773899643449112,0.2785403273999691,0.23683276772499084,1001735.0,0.3259542451207954,0.0,0.36905195787549017,-1.8940660031456448e-07,10.081171039950139,-26.99999999376895,0.0,0.0015722399737569503,1100.0,275.0,-0.01996211800724268,0.21060942485928535,0.0,-26.99999999971995,1.0,0.0370361328125,-7.555551523949591e-06,-10.068629341159525,0.0323974609375,-0.05022564940154552,-2.4920889890849803e-06,0.03812306746840477,0.01020901493029669,10,-0.8932077539902821,5.984935840008994,2700.0,-1.5773899643449112,-0.9994838297367096,0.0,-0.9977877393364907
0.0,-10.597820258714775,0.0,-1.0960987695951344e-19,0.0,-10.423605898038149,-0.03163322145119309,675.0,-1.5645358844994917,0.2790420211851597,0.23683276772499084,1092860.0,0.6065683019351645,0.0,0.37712018489837645,-1.7204747068999118e-06,10.348372809888025,-26.99999999741197,0.0,0.0036208364414051174,1200.0,300.0,-0.02061257096938789,0.21354371607303618,0.0,-26.999999995680795,1.0,0.0871337890625,-7.956409931735133e-06,-10.324596716221285,0.0434326171875,-0.051212995871901514,-4.9037078785788735e-06,0.03812306746840477,0.009782095625996589,11,-0.8917329585165135,5.877174907244219,2700.0,-1.5645358844994917,-0.9988001361489296,0.0,-0.9978802740573883
0.0,-11.039713975750601,0.0,-2.6231053243119838e-21,0.0,-10.910598935661692,-0.03232109881937504,675.0,-1.5640795464190886,0.28024930134415627,0.23683276772499084,1183985.0,1.9379120270241592,0.0,0.38398503586649896,-1.0085884212256182e-07,11.187188124973705,-27.0,0.0,0.0029079914587782697,1300.0,325.0,-0.020038066571578382,0.22176007069647313,0.0,-26.999999999957016,1.0,0.0998779296875,-6.714650998257099e-06,-11.154140608388314,0.0207275390625,-0.056654781196266414,-8.158524117078436e-06,0.03812306746840477,0.009968498698435723,12,-0.8908298567192106,5.865704473048192,2700.0,-1.5640795464190886,-0.9990380272269249,0.0,-0.9978398740291595
0.0,-10.919844096318199,0.0,-26.999990325311256,0.0,-10.758534377763985,-0.02577755698002875,675.0,-24.461092860895807,0.29022674411535265,0.25042532458901406,1275110.0,0.7566955047626591,0.0,0.39148879796266556,-4.759777061855313,10.650024506744932,-27.0,0.0,0.011952797276899218,1400.0,350.0,-0.020232336316257715,0.2233770240098238,0.0,-26.999999999783185,27.99962343422098,0.0448486328125,-1.0582626022564863,-10.628563551685142,0.0108154296875,-0.058985089976340534,-25.204780705881937,0.05720947030931711,0.012363809847738595,13,-0.8968553025246365,36.17429277714982,2700.0,-1.585088304519013,-0.996019434928894,0.0,-0.9973207399249077
0.0,-12.17566539442168,0.0,-3.1950783176894975e-29,0.0,-12.032218314107165,-0.024855108046904207,675.0,-1.5704656389294542,0.3038554355502129,0.25743192434310913,1366235.0,2.653789534119297,0.0,0.3967910006642342,-7.290357584024325e-05,12.058411527334213,-27.0,0.0,0.0167998758610338,1500.0,375.0,-0.02020060704089701,0.226275472342968,0.0,-27.0,1.0,0.0157958984375,-6.583847335286676,-12.037274156956576,0.0201416015625,-0.0629881713539362,-0.00013377207326302915,0.06494994461536407,0.02521472005173564,14,-0.9060579392578803,5.917033328279716,2700.0,-1.5704656389294542,-0.9944017708301545,0.0,-0.9945355802774429
0.0,-3.819929199200968,0.0,-2.942584693344286e-26,0.0,-3.4826536108936055,-0.025175843620672822,675.0,-1.562023194876383,0.30399183854460715,0.25743192434310913,1457360.0,3.634136730679505,0.0,0.4033444680273533,-0.00017135590852700972,3.6492661186381747,-7.819817608873831e-11,0.0,0.016536768153309823,1600.0,400.0,-0.02005994520150125,0.23195642419159412,0.0,-17.550000000209664,1.0,0.0178466796875,-0.00036769041149932365,-3.6105525545332013,0.0498291015625,-0.06514882929623127,-0.00021605697052155159,0.06494994461536407,0.03290186584927142,15,-0.9114795652552857,5.839898324694242,2700.0,-1.562023194876383,-0.9944895759224892,0.0,-0.9928695678710937
0.0,-4.295729171537049,0.0,-5.508333909159612e-18,0.0,-3.9382009217253597,-0.02712722383439541,675.0,-1.5769999474156067,0.3143507957458496,0.27062517404556274,1548485.0,4.482242186267281,0.0,0.41024748235940933,-0.0017756678139114182,4.260987407709267,-1.9182737950439976e-05,0.0,0.015225102100521326,1700.0,425.0,-0.020513685932382942,0.23728887140750884,0.0,-7.283253748688032e-07,1.0000000000000002,0.0076416015625,-1.8140591813142468,-4.218610237670586,0.0194091796875,-0.06711522117257118,-6.551899990919913e-05,0.08041630685329437,0.034010786470025776,16,-0.9179582499506068,5.9696093233766065,2700.0,-1.5769999474156067,-0.9949273273348809,0.0,-0.9926292181015015
0.0,-2.9506004836393718,0.0,-1.6408722150056354e-15,0.0,-2.6077962963274413,-0.028587293205782772,675.0,-1.5676542571047336,0.31643287315964697,0.27062517404556274,1639610.0,1.5327486238712127,0.0,0.4201963260769844,-0.0018005346005540402,2.478336738357127,-2.5602329951414908e-05,0.0,0.013181633944623173,1800.0,450.0,-0.02118874415755272,0.24121445827186108,0.0,-0.16063464669178404,1.0000000000000384,0.0088134765625,-0.00020167269618012003,-2.4721168768490847,0.009765625,-0.07036469671875238,-0.0034632529864606345,0.08041630685329437,0.03729072189889848,17,-0.9273494252247474,5.87862565028334,2700.0,-1.567654257104732,-0.9956093415617943,0.0,-0.9919183760881424
0.0,-2.9705449855075656,0.0,-9.486449736332166e-20,0.0,-2.6545368253525807,-0.03092625131830573,675.0,-1.5835371243039844,0.3271924555301666,0.272603303194046,1730735.0,1.2573063677007141,0.0,0.4269556112587452,-1.0321786155225335e-05,2.507347618584029,-0.0005343777933752286,0.0,0.011712497158441693,1900.0,475.0,-0.02162120006978512,0.24283753894269466,0.0,-0.00012635289666035177,1.0,0.003515625,-9.618439599391962,-2.480674734865493,0.0035888671875,-0.07390621919184923,-8.195324925351709e-06,0.08060014247894287,0.041154127940535544,18,-0.9299929271055589,6.021501001515991,2700.0,-1.5835371243039844,-0.9960996299982071,0.0,-0.9910810574889183
0.0,-2.972264099216305,0.0,-7.86602472184361e-20,0.0,-2.657912470146843,-0.030935621401295067,675.0,-1.5772758558698114,0.32719151824712756,0.272603303194046,1821860.0,1.048432174345925,0.0,0.4322431206703186,-7.412374684212976e-06,2.5129462452515976,-9.845718325668812e-07,0.0,0.007807235990185291,2000.0,500.0,-0.02147094705142081,0.24448129981756211,0.0,-0.0005391673892524409,1.0,0.0042236328125,-5.498884212817234e-06,-2.475106870493289,0.0024658203125,-0.07826261930167674,-8.290215627441289e-06,0.08060014247894287,0.038115923292934895,19,-0.926434041743778,5.96664507479637,2700.0,-1.5772758558698114,-0.9974029704928398,0.0,-0.9917395204305649
0.0,-3.0172156244199164,0.0,-1.9415778001992394e-20,0.0,-2.6883879370894617,-0.03095455840229988,675.0,-1.581839661381673,0.3271862640976906,0.272603303194046,1912985.0,1.000399304653444,0.0,0.44133404865860937,-1.1929975196509798e-05,2.5364170474575607,-0.15054956669411865,0.0,0.007862493291031569,2100.0,525.0,-0.021228132164105774,0.24639990516006946,0.0,-0.04309211699020977,1.0,0.00849609375,-1.939754274043063e-06,-2.490155405545476,0.002685546875,-0.07891360130161047,-9.51357354535092e-06,0.08060014247894287,0.039280205685645345,20,-0.9293453780635901,6.0021444657328145,2700.0,-1.581839661381673,-0.9973845139145852,0.0,-0.9914872005581856
0.0,-11.675053599805963,0.0,-26.99999999694891,0.0,-11.52698069136151,-0.02329660556279123,675.0,-24.656624767085027,0.330400437861681,0.27304320111870767,2004110.0,0.7512542893984323,0.0,0.4458409704267979,-4.733832361995114,11.355235385468411,-26.99999200703027,0.0,0.006576160027179867,2200.0,550.0,-0.021817447617650032,0.24933290369808675,0.0,-16.80874049792018,27.999999475402888,0.0165771484375,-1.894889288245603,-11.332304100284617,0.004443359375,-0.08081995230168104,-25.695293927198726,0.08247094247490168,0.03929191771894693,21,-0.9284035327247693,46.89618041968814,2700.0,-1.5745383442525054,-0.9978138163685799,0.0,-0.9914846524596215
0.0,-11.380627559596709,0.0,-4.777297344596951e-44,0.0,-11.238589361536018,-0.01858607246540487,675.0,-1.605789356151945,0.3364504374563694,0.26973283290863037,2095235.0,0.6292596560378685,0.0,0.4516639165580273,-1.4096345973058684e-07,11.084320178646792,-26.999994592791033,0.0,0.006181965745054185,2300.0,575.0,-0.022540511190891267,0.2505370810627937,0.0,-26.99998263751297,1.0,0.0185546875,-2.6617831358886024,-11.04786735042672,0.0026123046875,-0.0803185360506177,-2.0719373457031457e-07,0.07963290065526962,0.03961819978430867,22,-0.9214230065415905,6.210655633326603,2700.0,-1.605789356151945,-0.997945387661457,0.0,-0.9914139553904533
0.0,-11.350829130015608,0.0,-4.239651735092707e-37,0.0,-11.21457962800777,-0.01862924457527697,675.0,-1.591209951446217,0.33646785393357276,0.26973283290863037,2186360.0,0.6209524075495685,0.0,0.45971240401268004,-0.00012298696359075475,11.062900335379577,-26.999984446117026,0.0,0.0039310272200964395,2400.0,600.0,-0.02200419451110065,0.2534347765147686,0.0,-26.999980037885063,1.0,0.069775390625,-8.337181876661553e-07,-11.042479915454908,0.012548828125,-0.07975826356559992,-2.256622100768011e-06,0.07963290065526962,0.031867778254672886,23,-0.915950630644511,6.087117250508325,2700.0,-1.591209951446217,-0.9986966133117676,0.0,-0.9930936723947525
0.0,-11.087560728664574,0.0,-3.0297964525986356e-11,0.0,-10.951951581647396,-0.021732585225254297,675.0,-1.5795790316221434,0.3411867909133434,0.2697382867336273,2277485.0,0.5091278562125171,0.0,0.4647460140287876,-0.4705833256196573,10.804835466004281,-26.999935858649415,0.0,0.004311667470028624,2500.0,625.0,-0.021658005053177477,0.2561922617256641,0.0,-26.99995260149532,1.0000000000212315,0.0552490234375,-0.014763170013393223,-10.78216088225918,0.0374267578125,-0.08335987161844968,-0.020052491795318993,0.07963526993989944,0.023768685944378375,24,-0.9109499690850498,5.926382182023154,2700.0,-1.5795790315954945,-0.9985695660114289,0.0,-0.9948489814996719
0.0,-11.016775894276725,0.0,-27.0,0.0,-10.870935286885015,-0.02209104588255286,675.0,-24.53294443585103,0.34910867288708686,0.26956838369369507,2368610.0,0.4076736387009001,0.0,0.4672513358294964,-26.999999928193315,10.708351198972093,-26.999981252168713,0.0,0.002750383110833354,2600.0,650.0,-0.020796804595738648,0.2595041677355766,0.0,-26.999974181584943,28.0,0.1164794921875,-16.15736923775501,-10.681794325472588,0.0388427734375,-0.08972385246306658,-26.999999986258064,0.0803707093000412,0.015973345190286637,25,-0.9085122386859439,63.42257059822045,2700.0,-1.5813492210072582,-0.9990906193852425,0.0,-0.9965384498238563
0.0,-10.641495359543788,0.0,-27.0,0.0,-10.500098844701167,-0.0220387349370867,675.0,-24.429262057815755,0.34913185313344003,0.26956838369369507,2459735.0,0.30324121780814794,0.0,0.4716402642428875,-26.999999681906445,10.34206879714037,-26.999998107702623,0.0,0.0018237938667880372,2700.0,675.0,-0.02031472292728722,0.2608064390718937,0.0,-26.99999936254609,28.0,0.08359375,-26.99999988747448,-10.31182257128194,0.126171875,-0.09033305272459984,-26.99999998256372,0.0803707093000412,0.006571006507147104,26,-0.9003664812509669,65.91858398939374,2700.0,-1.5894241671907365,-0.9993998587131501,0.0,-0.9985762163996696
0.0,-10.574232183932612,0.0,-27.0,0.0,-10.430216569704829,-0.02190437326207757,675.0,-24.404736004186752,0.3492430210113525,0.26956838369369507,2550860.0,0.2227818637412588,0.0,0.4752878829836845,-26.999999946985422,10.261607095413002,-26.999999984123836,0.0,0.0009798167113331147,2800.0,700.0,-0.019640140887349843,0.2623773507773876,0.0,-26.999999121195174,28.0,0.453662109375,-26.999999880292506,-10.234181022798786,0.19599609375,-0.09000933412462472,-26.99999997927022,0.0803707093000412,0.0024626063619507476,27,-0.8962918546283618,66.47301533557854,2700.0,-1.593321941686736,-0.9996815279126168,0.0,-0.9994666308164597
0.0,-10.716225788703744,0.0,-9.266492051222774e-47,0.0,-10.583293136170216,-0.02645868994295597,675.0,-1.5805259874337936,0.3509773313999176,0.2680293321609497,2641985.0,0.28784163434148874,0.0,0.48221008479595184,-1.419614884391746e-09,10.43915421257527,-27.0,0.0,0.0011624349368503316,2900.0,725.0,-0.019972074031829833,0.26482839807868,0.0,-26.999999996952734,1.0,0.2295654296875,-24.839864553128976,-10.416461817632936,0.194384765625,-0.09228779133409262,-2.717631304788906e-11,0.07927997410297394,0.0025639436556957663,28,-0.8957565839242306,6.0105148190316005,2700.0,-1.5805259874337936,-0.9996205732226372,0.0,-0.9994446471333504
0.0,-10.525938195196616,0.0,-1.8313718486766563e-48,0.0,-10.379989464726119,-0.02645868994295597,675.0,-1.5960734416148625,0.3509773313999176,0.2680293321609497,2733110.0,0.22935683739514828,0.0,0.4874297440052032,-6.248623005164998e-10,10.229211252849684,-26.999999999997502,0.0,0.0006187875849718693,3000.0,750.0,-0.02103509372100234,0.26580042764544487,0.0,-26.99999999996739,1.0,0.510986328125,-7.34866639529697e-11,-10.207713909409359,0.2059814453125,-0.09346006456762553,-8.47144726405472e-12,0.07927997410297394,0.0028228926326846703,29,-0.8941580962215084,6.142060680575954,2700.0,-1.5960734416148625,-0.9998020112514496,0.0,-0.9993885263800621
0.0,-10.320977967374954,0.0,-9.270232265079599e-74,0.0,-10.173905793418959,-0.02645869553089142,675.0,-1.5640926145919365,0.3509773313999176,0.2680293321609497,2824235.0,0.20815642081817382,0.0,0.4903296932578087,-9.176479465345513e-10,10.017166067888686,-27.0,0.0,0.0003441852099058451,3100.0,775.0,-0.02148737097159028,0.2678641349077225,0.0,-26.99999999961801,1.0,0.4505126953125,-2.3180374261916084e-10,-9.998814883669466,0.2429443359375,-0.09532593376934528,-4.415993334963758e-12,0.07927997410297394,0.002226773020811379,30,-0.8869002570572775,5.877959782402139,2700.0,-1.5640926145919365,-0.999893669784069,0.0,-0.9995177313685417
0.0,-10.37587919843187,0.0,-1.631541092020774e-77,0.0,-10.223738840707572,-0.026458721607923508,675.0,-1.55524105548684,0.35097736120224,0.2680293321609497,2915360.0,0.20241528692887836,0.0,0.49154315441846846,-4.0480706577272413e-10,10.059192860501597,-27.0,0.0,0.00022810313930676784,3200.0,800.0,-0.022305890265852214,0.2690261617302895,0.0,-26.999999999999858,1.0,0.5758056640625,-7.548808271963535e-11,-10.045665833196114,0.2212158203125,-0.09752447940409184,-1.850322177692975e-11,0.07927997410297394,0.0023752410837914796,31,-0.8875414070047555,5.8028300760438185,2700.0,-1.55524105548684,-0.999932411313057,0.0,-0.9994855344295501
0.0,-10.294403548859261,0.0,-1.6248245795820729e-77,0.0,-10.142864703716963,-0.02645879713818431,675.0,-1.5648596461804118,0.35097751021385193,0.2680293321609497,3006485.0,0.19322588016711573,0.0,0.4944388955831528,-8.23663122102671e-10,9.982073985747105,-26.99999999999834,0.0,0.00020591413722286233,3300.0,825.0,-0.02264117761515081,0.2696030095219612,0.0,-26.99999999999997,1.0,0.657958984375,-2.8846134293885105e-10,-9.96537077419064,0.1509765625,-0.09844450373202562,-2.836951355455224e-11,0.07927997410297394,0.0026809311180841177,32,-0.8871804392823833,5.889243723784628,2700.0,-1.5648596461804118,-0.9999398127198219,0.0,-0.9994192913174629
0.0,-10.33293052286327,0.0,-1.1349250640788795e-78,0.0,-10.181784837607788,-0.026459085196256636,675.0,-1.565957769897068,0.35097792744636536,0.2680293321609497,3097610.0,0.1784363858364496,0.0,0.4968505546450615,-3.8138812051638806e-09,9.992867189352562,-26.99999999955655,0.0,0.0006468679719546344,3400.0,850.0,-0.022915939707309006,0.2717506378889084,0.0,-26.999999967784845,1.0,0.533837890625,-5.594807724852328e-11,-9.977642629234087,0.2354248046875,-0.10107034724205732,-2.4893548264907626e-11,0.07927997410297394,0.0022349213220877575,33,-0.8887299871144932,5.896286880077793,2700.0,-1.565957769897068,-0.9997926473617553,0.0,-0.9995159655809402
0.0,-10.221514640035883,0.0,-9.254387274033037e-74,0.0,-10.073304078042465,-0.026459870859980583,675.0,-1.5596297676573159,0.35097894072532654,0.2680293321609497,3188735.0,0.16543127908579874,0.0,0.5023529887199402,-6.339140216564351e-10,9.917067616771456,-26.999999857469938,0.0,0.0002757345762802288,3500.0,875.0,-0.023796136816963555,0.2730694442987442,0.0,-26.999999998725894,1.0,0.544482421875,-3.3564941653704786e-11,-9.897439988413252,0.276708984375,-0.09913075659424067,-1.00101732346484e-11,0.07927997410297394,0.0017762743489583954,34,-0.8880293919966789,5.847825509441812,2700.0,-1.5596297676573159,-0.9999165087938309,0.0,-0.9996153771877289
0.0,-10.275983745747835,0.0,-2.9114829259762584e-79,0.0,-10.122294886175828,-0.026460468536242843,675.0,-1.5757491960932384,0.3509796433150768,0.2680293321609497,3279860.0,0.1522093857498527,0.0,0.5054370313882828,-2.2056067362209833e-09,9.935636632095441,-26.999998938482413,0.0,0.0001536402856800123,3600.0,900.0,-0.024630641331896186,0.27446695417165756,0.0,-26.999999836090467,1.0,0.7070556640625,-9.814611764480381e-11,-9.925205299102938,0.228125,-0.09827194716781378,-1.1184751430041943e-11,0.07927997410297394,0.0020230580965289848,35,-0.8886972860025708,5.976958144238587,2700.0,-1.5757491960932384,-0.9999572619795799,0.0,-0.9995618671178818
0.0,-10.383901856121776,0.0,-1.4618428720174706e-76,0.0,-10.203595833285023,-0.0264624145347625,675.0,-1.5759674179586,0.350981080532074,0.2680293321609497,3370985.0,0.21890688918468076,0.0,0.5074851155281067,-3.830869858169668e-09,10.052202266616254,-27.0,0.0,0.005280384520301595,3700.0,925.0,-0.024623970268294215,0.2769636273384094,0.0,-26.99999999955213,1.0,0.0289794921875,-1.1314899622135691e-10,-10.0341383716106,0.2128662109375,-0.09965762980282307,-1.7744156012287803e-11,0.07927997410297394,0.007217579934513196,36,-0.892802886878053,5.972044561921932,2700.0,-1.5759674179586,-0.9982462763786316,0.0,-0.9984360828995704
0.0,-1.7460167646058848,0.0,-6.960929484989113e-70,0.0,-1.383038939508766,-0.026469424832612276,675.0,-1.5552430149022256,0.3509819507598877,0.2680293321609497,3462110.0,0.7573126670300944,0.0,0.5121912568807602,-5.57911491324078e-10,1.2207591578380441,-5.506900253792628e-16,0.0,0.0045607068808749315,3800.0,950.0,-0.024768853653222324,0.2796003259718418,0.0,-8.91,1.0,0.2224365234375,-2.3252658735048785e-10,-1.2108692434326636,0.14833984375,-0.09698652811348438,-1.9296879113338357e-11,0.07927997410297394,0.016608671215362848,37,-0.899308627116261,5.792857102086041,2700.0,-1.5552430149022256,-0.9984864547848702,0.0,-0.9964007511734962
0.0,-11.22321219048693,0.0,-3.894635318184913e-70,0.0,-11.080815203895668,-0.02649280889891088,675.0,-1.5882551417831565,0.35097571834921837,0.2680293321609497,3553235.0,0.7853648783944399,0.0,0.5167809024453163,-3.1195002613881155e-09,10.952632575074432,-27.0,0.0,0.00746960326214321,3900.0,975.0,-0.027398473164066673,0.28120787292718885,0.0,-10.260000076795016,1.0,0.1798583984375,-2.89489442024555e-10,-10.939585978257565,0.0901123046875,-0.09617346115410327,-5.230641398549369e-11,0.07927997410297394,0.02539013563655317,38,-0.906542121397797,6.0675914752287285,2700.0,-1.5882551417831565,-0.9975156545639038,0.0,-0.9944975808262825
0.0,-11.185277920843728,0.0,-27.0,0.0,-11.02642728576753,-0.01899715345352888,675.0,-24.55741496567494,0.35863795801997184,0.2675131559371948,3644360.0,0.849726123545205,0.0,0.5209002137184143,-26.99999999901888,10.896406136212352,-27.0,0.0,0.010081041406374424,4000.0,1000.0,-0.026987539092078804,0.28229261562228203,0.0,-27.0,28.0,0.10908203125,-3.24052094591853,-10.89141620202382,0.0487548828125,-0.0971984026953578,-26.999999920913144,0.07875271141529083,0.033325216034427285,39,-0.9117647550861875,62.69143872906774,2700.0,-1.5851478758311714,-0.9966441124677659,0.0,-0.992777806520462
0.0,-11.412141033811352,0.0,-2.276972618103296e-56,0.0,-11.267634020664193,-0.02507012099958956,675.0,-1.5688031763071195,0.35864509269595146,0.26612988114356995,3735485.0,0.7886723539938438,0.0,0.5275142654776573,-6.156307183751102e-07,11.11299120059612,-27.0,0.0,0.011639588174875825,4100.0,1025.0,-0.02774350824765861,0.2831858530640602,0.0,-27.0,1.0,0.0632568359375,-9.804637886829488,-11.092450309763029,0.0622314453125,-0.10116203408688307,-9.930874338799199e-09,0.07656017690896988,0.0349510851316154,40,-0.9153395874294802,5.8967299718580195,2700.0,-1.5688031763071195,-0.9961239546537399,0.0,-0.9924254417419434
0.0,-11.538613504853254,0.0,-3.904421085479483e-43,0.0,-11.399765099449182,-0.025774925760924817,675.0,-1.586351429966453,0.35896937921643257,0.26612988114356995,3826610.0,0.9421815833519604,0.0,0.5345659047365189,-1.8478459595807276e-07,11.24350292328521,-26.999999999957463,0.0,0.016148130339570344,4200.0,1050.0,-0.028675349475815893,0.28499611988663676,0.0,-26.99999999999999,1.0,0.01923828125,-6.833345003146437e-07,-11.229764703476757,0.02431640625,-0.10373068954795599,-2.7233675845166074e-07,0.07656017690896988,0.034584278054535386,41,-0.9189087321763509,6.043317413843208,2700.0,-1.586351429966453,-0.9946192935109138,0.0,-0.9925049409270287
0.0,-11.128948861182431,0.0,-3.2905217654946524e-35,0.0,-10.979787758738611,-0.026948132924735545,675.0,-1.5865512652977487,0.3597785755991936,0.26612988114356995,3917735.0,0.6631731759983703,0.0,0.54160146266222,-4.484000124245728e-07,10.832120409627608,-26.999999999972736,0.0,0.01018025609664619,4300.0,1075.0,-0.02970893173478544,0.28631972074508666,0.0,-26.99999999999511,1.0,0.02978515625,-4.757432599313197e-06,-10.814677818342215,0.06123046875,-0.10152467153966427,-3.6869437672371763e-06,0.07656017690896988,0.027840573480352758,42,-0.9098486461174616,6.062781286720336,2700.0,-1.5865512652977487,-0.9966110035777092,0.0,-0.993966481089592
0.0,-10.957401459183531,0.0,-6.68480894887995e-40,0.0,-10.808951959795186,-0.028708114475011825,675.0,-1.5794914682999661,0.35984979197382927,0.26612988114356995,4008860.0,0.5561199977197635,0.0,0.5466040879487991,-1.2482917482514592e-08,10.69586489416838,-26.999999952296363,0.0,0.011781756777781992,4400.0,1100.0,-0.030821697600185872,0.28709410354495046,0.0,-26.99999999834974,1.0,0.046826171875,-1.3787110343431512e-07,-10.677804975369689,0.0753662109375,-0.10093437619507313,-6.478924349292896e-08,0.07656017690896988,0.02315713339485228,43,-0.9021626560992445,6.0114006981559704,2700.0,-1.5794914682999661,-0.9960765093564987,0.0,-0.9949815213680268
0.0,-10.587621360474476,0.0,-1.2993882661968797e-39,0.0,-10.434913774006493,-0.02882375749759376,675.0,-1.5836005709148595,0.36010748967528344,0.26612988114356995,4099985.0,0.4351862532879235,0.0,0.549525935947895,-1.0595389433929683e-07,10.307701829074244,-26.999999999999318,0.0,0.004558220820035786,4500.0,1125.0,-0.03154691327363253,0.2882621519267559,0.0,-26.99999998488367,1.0,0.144921875,-4.728152530433464e-09,-10.292617163263714,0.1090576171875,-0.10208409484475851,-5.752117832384891e-08,0.07656017690896988,0.014544399688020349,44,-0.8928448502527317,6.054420193927974,2700.0,-1.5836005709148595,-0.9984872847795486,0.0,-0.9968481436371803
0.0,-10.419208821428404,0.0,-1.4546282237280947e-25,0.0,-10.267401816890656,-0.030331827327609064,675.0,-1.5628048875150853,0.3629160299897194,0.26612988114356995,4191110.0,0.37267432818415447,0.0,0.5553834348917007,-3.6417863828372767e-07,10.141743072337071,-27.0,0.0,0.0075371382990852,4600.0,1150.0,-0.032112876605242494,0.28973421081900597,0.0,-26.999999999999922,1.0,0.1073974609375,-1.2349675316162416e-08,-10.125786769486883,0.0968505859375,-0.10536606255918742,-1.7674100017150792e-06,0.07656017690896988,0.013081516581587493,45,-0.8893350777718296,5.889905195935006,2700.0,-1.5628048875150853,-0.9974930956959724,0.0,-0.9971651762723923
0.0,-10.352779831179578,0.0,-3.895447815547855e-26,0.0,-10.206890135821816,-0.030020474968478084,675.0,-1.5667617173021426,0.36409653574228285,0.26612988114356995,4281525.0,0.39856793938967977,0.0,0.5587125793099403,-8.419349938580651e-10,10.093936311128513,-26.999999999803844,0.01,0.009724742011167109,4700.0,1175.0,-0.03288569832220674,0.29173502773046495,0.0,-26.999999999981135,1.0,0.1385986328125,-2.6204875477821546e-07,-10.085550763154602,0.0822265625,-0.1073627568781376,-1.707927236117728e-08,0.07656017690896988,0.010378417710307985,46,-0.8873879819824652,5.913183819384034,2674.0,-1.5667617173021426,-0.9967630282044411,0.0,-0.9977510392665863
0.0,-10.807059362758434,0.0,-2.8088914406386293e-25,0.0,-10.662134538024059,-0.0302457423415035,675.0,-1.5550068623022526,0.3643029898405075,0.26612988114356995,4372650.0,0.4784034509140692,0.0,0.5610251873731613,-6.813221185182601e-09,10.546656074194559,-27.0,0.0,0.012404968519695104,4800.0,1200.0,-0.031818043906241655,0.2932440310716629,0.0,-26.999999999527596,1.0,0.094384765625,-1.0708376889952824e-08,-10.52997877653183,0.0716064453125,-0.11104636248201132,-7.22688419158851e-05,0.07656017690896988,0.011966618523001672,47,-0.8975729409845371,5.798722256061009,2700.0,-1.5550068623022526,-0.9958685234189033,0.0,-0.9974068209528923
0.0,-11.156601384658694,0.0,-1.077824093259596e-30,0.0,-11.012250462345275,-0.03047027736902237,675.0,-1.5604814056874603,0.3643206968903542,0.26612988114356995,4463775.0,0.45103427397151136,0.0,0.565381395816803,-1.1575559098454371e-10,10.876904010415874,-26.999999999993534,0.0,0.012308672489598393,4900.0,1225.0,-0.031916594691574575,0.2949649080634117,0.0,-26.99999999955402,1.0,0.0921142578125,-2.787808138398677e-07,-10.844388052068044,0.07255859375,-0.11109861973673105,-7.68233418987384e-11,0.07656017690896988,0.007847947452683001,48,-0.9114138022167027,5.834702759039276,2700.0,-1.5604814056874603,-0.995900672674179,0.0,-0.9982994496822357
0.0,-11.35439597846729,0.0,-2.1712515240286628e-30,0.0,-11.213615202010843,-0.03047218415886164,675.0,-1.5761280523671304,0.36432253047823904,0.26612988114356995,4554900.0,0.4069257370504154,0.0,0.5678841203451157,-1.0909176182066293e-10,11.042391053262746,-26.999999996876163,0.0,0.009027826553210615,5000.0,1250.0,-0.03206557473167777,0.296444234251976,0.0,-26.999999999889912,1.0,0.0679443359375,-1.3760620792502232e-10,-10.992216458635104,0.0605224609375,-0.11157794147729874,-7.533737626260028e-11,0.07656017690896988,0.0072007363894954326,49,-0.9200456152670086,5.957194998370673,2700.0,-1.5761280523671304,-0.9969955950975418,0.0,-0.9984397381544113
0.0,-11.55149270769241,0.0,-3.353601797547219e-30,0.0,-11.403592151160359,-0.03047753358259797,675.0,-1.5821407878262108,0.3643273085355759,0.26612988114356995,4646025.0,0.3301892889972412,0.0,0.5705413773655892,-4.410866573907019e-11,11.226169515999763,-26.999984516825133,0.0,0.00809813067317009,5100.0,1275.0,-0.03285727333277464,0.29742823615670205,0.0,-26.999990908947872,1.0,0.0552978515625,-1.3861420965570886e-10,-11.165529491539402,0.0987548828125,-0.11656866576522588,-5.2485284544039444e-11,0.07656017690896988,0.005536820890847593,50,-0.9256688617460895,5.998994155811698,2700.0,-1.5821407878262108,-0.9973058849573135,0.0,-0.998800340294838
0.0,-11.208845038531598,0.0,-1.29247314156621e-30,0.0,-11.06138151394357,-0.03049133182503283,675.0,-1.5607112927697018,0.36433623880147936,0.26612988114356995,4737150.0,0.2550393162842402,0.0,0.568192757666111,-3.19841415474327e-10,10.86370932575348,-26.999999999514344,0.0,0.005147817690158263,5200.0,1300.0,-0.03380288621410728,0.29896202832460406,0.0,-26.999995425722606,1.0,0.116259765625,-1.1292118701244336e-10,-10.815693448265476,0.1084228515625,-0.11978911347687245,-6.846604305356286e-11,0.07656017690896988,0.004525384661974385,51,-0.9190827784623252,5.821809415185443,2700.0,-1.5607112927697018,-0.9982905074954033,0.0,-0.9990195453166961
0.0,-10.976821841046982,0.0,-1.0918986884036304e-32,0.0,-10.834759268737189,-0.030533595383167265,675.0,-1.5698609968298114,0.36434349939227106,0.26612988114356995,4828275.0,0.2019008504307965,0.0,0.5689125418663025,-4.501259207288984e-10,10.639771061491805,-26.99999999999993,0.0,0.00363384778611362,5300.0,1325.0,-0.03390940371900797,0.30099601447582247,0.0,-26.999999998910756,1.0,0.1876708984375,-1.1235626542681653e-10,-10.587886436013784,0.1858154296875,-0.12102946694940328,-8.00025980741738e-11,0.07656017690896988,0.002401363561511971,52,-0.9119817411905388,5.9041076693163905,2700.0,-1.5698609968298114,-0.9987957745790481,0.0,-0.9994798794388771
0.0,-10.551524028080113,0.0,-3.4775553094367994e-33,0.0,-10.40367440167438,-0.030640684347599745,675.0,-1.585760660644155,0.3643277928233147,0.26612988114356995,4919400.0,0.18990329351379526,0.0,0.5711692243814468,-5.96871446521834e-10,10.216642665820524,-27.0,0.0,0.0021219924892648123,5400.0,1350.0,-0.03339464878663421,0.3051400236785412,0.0,-26.99999999990487,1.0,0.41005859375,-1.7488453422476913e-10,-10.187356039910645,0.2099365234375,-0.12332584373652936,-1.2362296901827163e-10,0.07656017690896988,0.0020045658078743146,53,-0.897184178463067,6.045219847957464,2700.0,-1.585760660644155,-0.9993003487586976,0.0,-0.9995658949017525
0.0,-10.283023279474005,0.0,-5.599795679468605e-20,0.0,-10.130654528931558,-0.03187712840735912,675.0,-1.5624993761011865,0.3661253906786442,0.2664904296398163,5010525.0,0.14896567940416336,0.0,0.5729978963732719,-4.1855271048976386e-07,9.938593025369235,-26.99999999999999,0.0,0.0009059118572622537,5500.0,1375.0,-0.032950880285352466,0.30670093595981596,0.0,-27.0,1.0,0.469384765625,-5.366766852073599e-05,-9.914939001353932,0.20732421875,-0.12440257761627435,-1.1066987522515676e-07,0.07692602276802063,0.0021066023473395035,54,-0.888402944340487,5.85409644711951,2700.0,-1.5624993761011865,-0.9997062027454376,0.0,-0.9995437785983086
0.0,-10.195521871313238,0.0,-9.722096996205779e-20,0.0,-10.040882160778915,-0.032036497723311186,675.0,-1.5725407642792562,0.3662868276238441,0.2664904296398163,5101650.0,0.1293257482189186,0.0,0.577069553732872,-2.778143389328229e-07,9.84047699767596,-26.999999999999684,0.0,0.0006576503685209901,5600.0,1400.0,-0.032357157487422225,0.3089795529842377,0.0,-26.999999999999876,1.0,0.5271240234375,-1.020332232569197e-06,-9.825325180036527,0.1964111328125,-0.12548636384308337,-1.3526486353342953e-07,0.07692602276802063,0.002195042392122559,55,-0.881302387159667,5.9463241886464875,2700.0,-1.5725407642792562,-0.9997890457510948,0.0,-0.9995246052742004
0.0,-10.026663912915343,0.0,-1.1734912030081086e-18,0.0,-9.876352355047736,-0.032028420735150574,675.0,-1.5894261992099927,0.3672186478972435,0.2664904296398163,5192775.0,0.12172414361587088,0.0,0.5801811322569848,-6.994478915156099e-07,9.684557357118965,-26.99999999999994,0.0,0.0004745344780531013,5700.0,1425.0,-0.03297847919166088,0.3120125688612461,0.0,-26.99999999999982,1.0,0.52177734375,-3.941948964293128e-07,-9.674999518975278,0.19033203125,-0.12443257048726082,-2.646223764017684e-07,0.07692602276802063,0.002375851944088936,56,-0.8772690912228427,6.096461895777396,2700.0,-1.5894261992099927,-0.9998501598834991,0.0,-0.9994854122400284
0.0,-9.883521915738926,0.0,-1.2270072557623495e-21,0.0,-9.73010177763846,-0.033181232213973996,675.0,-1.5973502418026329,0.37132914140820505,0.2664904296398163,5283900.0,0.12071300909625464,0.0,0.5830291584134102,-1.245182303146975e-07,9.551119610399171,-27.0,0.0,0.0001752106069943693,5800.0,1450.0,-0.033479817863553765,0.3147138148546219,0.0,-26.99999999997166,1.0,0.7029052734375,-1.0751310041887486e-05,-9.544191868395965,0.207666015625,-0.12288724202662707,-1.0379772695705977e-06,0.07692602276802063,0.002051373428548686,57,-0.8726587480428861,6.168918709154988,2700.0,-1.5973502418026329,-0.9999500632286071,0.0,-0.9995557487010955
0.0,-9.955210739945787,0.0,-26.402705518260813,0.0,-9.804605691469414,-0.04533348651602864,675.0,-23.74102320039068,0.37894278168678286,0.26730935275554657,5375025.0,0.11429060036530399,0.0,0.5850010260939598,-24.226870049018338,9.627474906649326,-26.999999999999456,0.0,0.0016081377129012254,5900.0,1475.0,-0.03466921765357256,0.31660408824682235,0.0,-26.99999999997431,27.67970429804466,0.451318359375,-0.19935264914290896,-9.620756803096457,0.187158203125,-0.12130863890051842,-25.478718151537006,0.07822014186531305,0.002252963330829516,58,-0.8751040078685037,62.35129635420778,2700.0,-1.5821539284821484,-0.9994718566536903,0.0,-0.9995120570063591
0.0,-10.203166208307044,0.0,-4.139942930074149e-27,0.0,-10.050422690764517,-0.039988563023507596,675.0,-1.5811614830818144,0.3977887131273746,0.26845499873161316,5466150.0,0.1403772279167821,0.0,0.587613770365715,-1.0522862503429456e-05,9.856065540157825,-27.0,0.0,0.004427035737899132,6000.0,1500.0,-0.03478396097198129,0.3175675220787525,0.0,-27.0,1.0,0.5811279296875,-7.125136353383013,-9.83684124585898,0.1805908203125,-0.12082051672041416,-3.9802960594122735e-05,0.0770668014883995,0.0025175495335133745,59,-0.8869201308276388,6.016542780991547,2700.0,-1.5811614830818144,-0.9985310643911361,0.0,-0.9994547188282012
0.0,-10.684751281514293,0.0,-8.079662053909237e-27,0.0,-10.537752625892498,-0.04020361891016364,675.0,-1.5712218011482038,0.39805879518389703,0.26845499873161316,5557275.0,0.2171211362381548,0.0,0.5911466538906097,-5.157307225507903e-05,10.342247936416713,-26.999999999999993,0.0,0.007780322071630508,6100.0,1525.0,-0.034996317233890295,0.3190939299762249,0.0,-26.99999999887747,1.0,0.3443115234375,-1.8061186663887833e-05,-10.304331661395674,0.182275390625,-0.1246650880202651,-3.4563722435604016e-05,0.0770668014883995,0.002995230208034627,60,-0.9035417044382484,5.925393153091547,2700.0,-1.5712218011482038,-0.9974119529128075,0.0,-0.9993511945009231
0.0,-10.968818681709788,0.0,-1.686414339421425e-26,0.0,-10.817105315704868,-0.04048424353823066,675.0,-1.6029922907495346,0.3986541822552681,0.26845499873161316,5648400.0,0.20134184661018728,0.0,0.594754533469677,-8.084335244480317e-05,10.592218271659766,-26.999999999999957,0.0,0.006603114935569465,6200.0,1550.0,-0.03509008698165417,0.3206807650625706,0.0,-26.999999999999986,1.0,0.2867431640625,-2.071000841515285e-05,-10.54749722208941,0.18642578125,-0.126886098459363,-5.265814462282634e-05,0.0770668014883995,0.00317309636157006,61,-0.9154756835712761,6.186383802046725,2700.0,-1.6029922907495346,-0.9978048115968704,0.0,-0.9993126302957535
0.0,-10.957076063267545,0.0,-1.0818565419133476e-19,0.0,-10.815166204493838,-0.03413531444966793,675.0,-1.5755576156698226,0.40601233169436457,0.2774612009525299,5739525.0,0.198322713912199,0.0,0.5963888078927994,-0.0002548181890116328,10.582150726619941,-27.0,0.0,0.007185832114191726,6300.0,1575.0,-0.03515793606638908,0.32176450937986373,0.0,-27.0,1.0,0.1072265625,-0.9285249522113908,-10.520952206609502,0.19833984375,-0.12735122330486776,-1.5903407965573263e-05,0.08532164245843887,0.002267153578577563,62,-0.924625626867055,5.951567518835733,2700.0,-1.5755576156698226,-0.9976103574037551,0.0,-0.9995089754462242
0.0,-11.25778465128919,0.0,-1.5496400161955585e-18,0.0,-11.114059831389213,-0.03417410245165229,675.0,-1.614692570923944,0.40600442960858346,0.2774612009525299,5830650.0,0.2130863238409506,0.0,0.5998999163508415,-0.0001451746234482324,10.877399610646702,-27.0,0.0,0.013675240450538695,6400.0,1600.0,-0.034886823035776615,0.3235553875565529,0.0,-27.0,1.0,0.025537109375,-4.983357469465537e-05,-10.800958826278166,0.27734375,-0.12901236042380332,-1.910641732258756e-05,0.08532164245843887,0.0028469590266468003,63,-0.932722299555462,6.276664880228983,2700.0,-1.614692570923944,-0.9954445943236351,0.0,-0.9993833065032959
0.0,-11.352153264911184,0.0,-2.2826214999298844e-17,0.0,-11.200302097259359,-0.03445133259519935,675.0,-1.5851264002289098,0.4059862449765205,0.2774612009525299,5921775.0,0.27970040458858286,0.0,0.6041693061590194,-0.0003620600575640585,10.979522520173749,-27.0,0.0,0.021676301746629177,6500.0,1625.0,-0.03602090161293745,0.32631404548883436,0.0,-26.999999999999915,1.0,0.0255859375,-2.5471261473556498e-05,-10.906232871361402,0.1978759765625,-0.1306760400533676,-3.988317082020893e-05,0.08532164245843887,0.003938682313309983,64,-0.9322701858385699,6.021238531646796,2700.0,-1.5851264002289098,-0.9927743375301361,0.0,-0.9991467103362084
0.0,-11.398437622165714,0.0,-6.545641959471256e-07,0.0,-11.251646692953237,-0.035518509428948165,675.0,-1.578781049112596,0.40755818262696264,0.29027870297431946,6012900.0,0.3055915535718931,0.0,0.6099922940135002,-0.00021619107503325285,11.041108051595051,-27.0,0.0,0.024985941220074893,6600.0,1650.0,-0.036570845637470484,0.32992162704467776,0.0,-27.0,1.0000011863702252,0.0279541015625,-0.005536637251722786,-10.979520217450448,0.1175537109375,-0.1337314423173666,-0.0012331361776712403,0.07940721046179533,0.006014993943972513,65,-0.9313650622643763,5.956166408931441,2700.0,-1.5787804076397152,-0.9916697829961777,0.0,-0.9986967116594314
0.0,-11.29964078759086,0.0,-1.36112371079703e-14,0.0,-11.160382122135635,-0.04140732605010271,675.0,-1.5637285572826065,0.4121774137020111,0.2931478023529053,6104025.0,0.3483243335198581,0.0,0.6166123151779175,-1.1395804138985906e-07,10.983498621206854,-26.999999999999023,0.0,0.025939252972602845,6700.0,1675.0,-0.03672362640500069,0.33339668735861777,0.0,-26.999999999999574,1.0000000000000053,0.013330078125,-1.0747914336578348,-10.919371003000496,0.0738037109375,-0.13522772192955018,-1.3155330237106321e-07,0.08132550865411758,0.007439668872393668,66,-0.927672793250531,5.830012764591135,2700.0,-1.5637285572825932,-0.9913516148924828,0.0,-0.9983879461884498
0.0,-11.24045379103002,0.0,-6.921762187729815e-15,0.0,-11.105335155343854,-0.04140886794775724,675.0,-1.5849365538772031,0.41217729449272156,0.2931478023529053,6195150.0,0.40824753128465013,0.0,0.621870020031929,-4.772200716825927e-08,10.95699133165768,-27.0,0.0,0.02384906318038702,6800.0,1700.0,-0.03761089788749814,0.33688501492142675,0.0,-27.0,1.0000000000000147,0.0188232421875,-5.4808428132775916e-08,-10.906395324458689,0.086572265625,-0.13818864114582538,-1.4011160615907607e-07,0.08132550865411758,0.007269860233645886,67,-0.9210231488490536,6.015768611489063,2700.0,-1.5849365538771962,-0.992049190402031,0.0,-0.998424744606018
0.0,-11.166748544860699,0.0,-4.124114431759148e-08,0.0,-11.036741563805046,-0.03948746435344219,675.0,-1.5796340416052908,0.4147020414471626,0.29314789175987244,6286275.0,0.4544366892701916,0.0,0.6273778200149536,-0.0025266610317650953,10.904690803874159,-27.0,0.0,0.031768405437469484,6900.0,1725.0,-0.038227396365255115,0.3411157391965389,0.0,-26.999999999959083,1.0000000419606547,0.0097900390625,-4.534323759688024e-05,-10.868000794581494,0.05126953125,-0.13726293072104453,-0.0032331041444016383,0.0813258757814765,0.01208487362600863,68,-0.9152844317177369,5.955339107283361,2700.0,-1.5796340011889698,-0.9894062116742134,0.0,-0.997381180524826
0.0,-10.730023165120118,0.0,-5.902157629210566e-10,0.0,-10.596965924004243,-0.04421033775433898,675.0,-1.5812344041019695,0.4179015226662159,0.292264461517334,6377400.0,0.3947681603076426,0.0,0.6316003143787384,-5.611029364047797e-05,10.457520376592063,-27.0,0.0,0.020253827283158898,7000.0,1750.0,-0.038615946937352416,0.3446116462349892,0.0,-27.0,1.0000000014360269,0.02294921875,-1.1400740549110684,-10.428716665186027,0.0710205078125,-0.13649058006703854,-0.0001049159205310212,0.0832328125834465,0.010070432699285448,69,-0.9050649967684876,5.9981205925806105,2700.0,-1.5812344035235584,-0.9932490572333336,0.0,-0.997817775607109
0.0,-10.589427682921368,0.0,-4.496251410946475e-18,0.0,-10.449297893505912,-0.045609393157064915,675.0,-1.5657730633145548,0.42333145886659623,0.3133913576602936,6468525.0,0.34631846819687295,0.0,0.6358594298362732,-0.0010756405776213868,10.307661941222412,-27.0,0.0,0.011089809227269144,7100.0,1775.0,-0.0390156202018261,0.3489998124539852,0.0,-27.0,1.0000000000000016,0.025244140625,-0.7087727114797242,-10.290947498802765,0.0965576171875,-0.13867859840393065,-0.0007556506206336849,0.09803213179111481,0.00968236691551283,70,-0.8953380364073382,5.87653198986077,2700.0,-1.5657730633145548,-0.9963074341416359,0.0,-0.9979018911719322
0.0,-10.463048542615788,0.0,-0.004160789718839824,0.0,-10.310680755825114,-0.04441086072474718,675.0,-1.5692554155846543,0.42444428205490115,0.3134023144841194,6559650.0,0.3039462524472055,0.0,0.6390930041670799,-4.565405439540265,10.154203246562492,-27.0,0.0,0.00807863074587658,7200.0,1800.0,-0.03981065982952714,0.35187444612383845,0.0,-26.999999895249722,1.0078301367271407,0.0504638671875,-0.0030608022625838944,-10.141218430771909,0.1762451171875,-0.13841153793036937,-0.8788021479998152,0.09803877118974924,0.006885919091291726,71,-0.8916299906617496,3.988035091167373,2700.0,-1.5651778952567839,-0.9973123848438263,0.0,-0.9985079601407051
0.0,-10.502282943502923,0.0,-0.002345437831819842,0.0,-10.349313680534163,-0.04376808675006032,675.0,-1.5648415466800842,0.43134092539548874,0.3418846748769283,6650775.0,0.353050076419798,0.0,0.642426386475563,-6.94712070608376,10.19754908460941,-26.99999999998992,0.0,0.01109616799512878,7300.0,1825.0,-0.03990605194121599,0.3542029678821564,0.0,-26.999999999994355,1.004762125000743,0.0243896484375,-4.308708503689209,-10.177874272842825,0.161572265625,-0.1401852171868086,-1.5574981990700962,0.0990920839831233,0.010392654477618635,72,-0.8929825913866807,0.2765489413152662,2700.0,-1.5628478880986223,-0.9963053241372108,0.0,-0.9977479472756385
0.0,-10.690867659161365,0.0,-4.6419578783924824e-05,0.0,-10.548310329472681,-0.044753110967576504,675.0,-1.5708777609893652,0.43556841015815734,0.3619947709143162,6741900.0,0.3742983005196587,0.0,0.6467327937483788,-7.495157956340049,10.385573859005985,-27.0,0.0,0.012018831889145076,7400.0,1850.0,-0.04056847989559174,0.35619293823838233,0.0,-26.99999995369645,1.0009369339882395,0.0245849609375,-6.691651424631448,-10.37908639705131,0.143115234375,-0.14335062429308892,-1.5628802736661753,0.10867789145559073,0.013495903206057846,73,-0.8964515586390917,0.11804409668346394,2700.0,-1.570832273641281,-0.9959973856806755,0.0,-0.9970753833651542
0.0,-10.72346444176211,0.0,-3.184230203059659e-11,0.0,-10.570506592842289,-0.045507948473095895,675.0,-1.5662003637254163,0.4421211965382099,0.3636455453932285,6833025.0,0.3703138065373296,0.0,0.6514097571372985,-7.63533756669781,10.414767824625944,-27.0,0.0,0.010894517775159328,7500.0,1875.0,-0.041839593462646006,0.3600148007273674,0.0,-27.0,1.0000120537676427,0.0149658203125,-7.257054680199101,-10.395739662912671,0.1409423828125,-0.14528569988906384,-1.5567148105580588,0.10849273297935724,0.018032522522844374,74,-0.8999072633392643,0.07537167047402597,2700.0,-1.5662003636942246,-0.9963726252317429,0.0,-0.996092177927494
0.0,-10.890521160305884,0.0,-8.014122734945678e-10,0.0,-10.738406428444243,-0.04722439218312502,675.0,-1.5756000887988217,0.4496815077960491,0.36538921296596527,6924150.0,0.4649056797184511,0.0,0.6563554257154465,-7.49770529189414,10.592475460770668,-27.0,0.0,0.012502649088855834,7600.0,1900.0,-0.04212281238287687,0.36342319548130037,0.0,-27.0,1.000048392887408,0.0064208984375,-7.350815811232454,-10.580294247281989,0.1125732421875,-0.14512633681297302,-1.5700620921188382,0.10653337463736534,0.017980106454342604,75,-0.9005078243877506,0.08109865156641397,2700.0,-1.5756000882509398,-0.995835916697979,0.0,-0.9961035281419754
0.0,-10.988235587013062,0.0,-6.458058153743386e-05,0.0,-10.8418485838519,-0.04796017948538065,675.0,-1.5880230482461544,0.45664132162928583,0.37686671540141103,7015275.0,0.47666867751266684,0.0,0.662089429795742,-7.7029281794182785,10.699100598130139,-27.0,0.0,0.011038867768365889,7700.0,1925.0,-0.04281819416210055,0.36653309389948846,0.0,-27.0,1.000111039063365,0.0110595703125,-7.3139459040665775,-10.678164385108621,0.0543212890625,-0.14693906232714654,-1.5833688661175487,0.10600311327725649,0.022589812194928525,76,-0.9037502333187148,0.0723815357783252,2700.0,-1.58795988651691,-0.9963244497776031,0.0,-0.9951044738292694
0.0,-11.224696611317398,0.0,-1.2962579092058984e-05,0.0,-11.07649549013893,-0.048667533602565524,675.0,-1.5922476146672537,0.4593890480697155,0.3903025470674038,7106400.0,0.6451513526755237,0.0,0.6664055302739144,-7.557537742490884,10.951336547365347,-27.0,0.0,0.010857480182312428,7800.0,1950.0,-0.04369948012754321,0.36998914182186127,0.0,-26.999999999999993,1.0001012668701523,0.00556640625,-7.329973772469661,-10.930562252788711,0.0669677734375,-0.14635671004652978,-1.591166684773551,0.10310815926641226,0.027223731530830263,77,-0.9073243996346718,0.04103397938977858,2700.0,-1.592235024663387,-0.9963849797844887,0.0,-0.994100172817707
0.0,-10.96138673037903,0.0,-27.0,0.0,-10.82331870244885,-0.04618376027792692,675.0,-24.569646302844593,0.4837039433419704,0.395028293132782,7197525.0,0.5131028596282177,0.0,0.6704275801777839,-7.192953346668708,10.675472551069992,-26.999999890438236,0.0,0.009744969778694212,7900.0,1975.0,-0.0448350615799427,0.3724060460925102,0.0,-26.999999999656396,28.0,0.008984375,-7.215831531637184,-10.651543809723286,0.0705078125,-0.14800640232861043,-24.003467662814877,0.10447727888822556,0.028067215625196696,78,-0.9080234761691827,18.107658188159114,2700.0,-1.5779993301883224,-0.996756274998188,0.0,-0.9939173609018326
0.0,-11.117933740887473,0.0,0.0,0.0,-10.984712756164788,-0.04657862139865756,675.0,-1.5774164715970982,0.5090505078434944,0.3938041031360626,7288650.0,0.6492002217443903,0.0,0.67469592243433,-0.0006820714940778774,10.854573524165852,-26.99999999563426,0.0,0.009025518561247736,8000.0,2000.0,-0.04545967690646648,0.373794624209404,0.0,-26.99964451165493,1.0,0.013037109375,-6.696549638597316,-10.836583368616791,0.059228515625,-0.14870930314064026,-1.6265540940717114e-05,0.10425863415002823,0.0296752599067986,79,-0.9095138036544086,5.966009659535391,2700.0,-1.5774164715970982,-0.9969963774085044,0.0,-0.9935688570141792
0.0,-11.14064408857157,0.0,-6.961907580632872e-305,0.0,-10.994283640218137,-0.04658437054604292,675.0,-1.5808590412329067,0.5090425789356232,0.3938041031360626,7379775.0,0.5028537048463008,0.0,0.67858617156744,-0.002329418845544622,10.81355190636294,-27.0,0.0,0.009390538278967141,8100.0,2025.0,-0.0457143422216177,0.37597392201423646,0.0,-26.999999998587768,1.0,0.0041748046875,-0.0001948379945661674,-10.788961919828886,0.0514404296875,-0.14783682189881803,-3.100822223227842e-05,0.10425863415002823,0.03447471144609153,80,-0.915386503051559,5.988211264409347,2700.0,-1.5808590412329067,-0.9968745693564415,0.0,-0.9925286829471588
0.0,-11.146065256635337,0.0,-3.484468475202237e-24,0.0,-10.99339083387633,-0.04576856326311827,675.0,-1.576351680009975,0.5105681329965591,0.3938041031360626,7470178.0,0.4393196059324874,0.0,0.6817704170942307,-7.638300822704477,10.802439731509088,-27.0,0.01,0.00747602223418653,8200.0,2050.0,-0.04616373600438237,0.37997363656759264,0.0,-27.0,1.0,0.026708984375,-3.6390992804895466,-10.772487432802146,0.03974609375,-0.15046143345534801,-1.5561994442069456,0.10425863415002823,0.03771726842969656,81,-0.9185581678262679,0.18690243394054898,2674.0,-1.576351680009975,-0.9975135013461113,0.0,-0.9918259382247925
0.0,-11.069107603588614,0.0,-8.754726258531239e-10,0.0,-10.919624697626595,-0.0468804569914937,675.0,-1.591825618210482,0.5107734024524688,0.3947658136487007,7561303.0,0.5876195033579952,0.0,0.6869347438216209,-7.5839119103454244,10.745752550822768,-27.0,0.0,0.006787161505781114,8300.0,2075.0,-0.046210126392543314,0.3840825632214546,0.0,-26.999999999999986,1.0000000017787085,0.025390625,-7.427074741449292,-10.712264213772679,0.0568359375,-0.15090933702886106,-1.5840007085267864,0.10432278774678708,0.03625864069908857,82,-0.917769871535711,0.09370178490165113,2700.0,-1.591825617365248,-0.9977434068918228,0.0,-0.9921420574188232
0.0,-11.295981404809622,0.0,-1.0629775605273302e-126,0.0,-11.150259279960382,-0.04598781438544393,675.0,-1.5831484035021277,0.5180773511528969,0.39527684450149536,7652428.0,0.6210313547992368,0.0,0.6909639701247215,-0.005150732627804509,10.9773248791497,-27.0,0.0,0.006584154017036781,8400.0,2100.0,-0.046980307810008524,0.3880332812666893,0.0,-26.999999999999982,1.0,0.0345947265625,-6.640656656130344,-10.949355688886438,0.0381103515625,-0.1503340259194374,-0.0001621425310066005,0.10521215200424194,0.03708731397055089,83,-0.919655437534675,6.011722509588134,2700.0,-1.5831484035021277,-0.9978111520409584,0.0,-0.9919624716043473
0.0,-11.2133150200961,0.0,-1.0914052891599435e-54,0.0,-11.06817617710001,-0.04579647053033113,675.0,-1.5581023050821385,0.5197632446885109,0.39527684450149536,7743553.0,0.5287194159666246,0.0,0.6942006498575211,-7.445824212382237,10.866481730854876,-26.99999999929599,0.0,0.006061177077936008,8500.0,2125.0,-0.047614225186407566,0.3908349618315697,0.0,-26.999999577318874,1.0,0.0369384765625,-2.938163060058402,-10.841326057296472,0.0353515625,-0.15101200602948667,-1.4413316801760452,0.10521215200424194,0.03775218105874956,84,-0.9199746119433257,0.4922881463071388,2700.0,-1.5581023050821385,-0.9979856997728348,0.0,-0.9918183624744416
0.0,-11.196364392596706,0.0,-1.4455746496494665e-24,0.0,-11.041558193944692,-0.04435742450878024,675.0,-1.5770315850983025,0.5211986899375916,0.39548125937581063,7834678.0,0.5236237409084974,0.0,0.6975638911128044,-7.456553699809078,10.851035217744869,-26.999999999999694,0.0,0.006929915933869779,8600.0,2150.0,-0.04781878581270575,0.3955438293516636,0.0,-26.999999999993843,1.0000000895098513,0.0103759765625,-6.824486560754682,-10.819873754554463,0.043798828125,-0.1516760278493166,-1.5557266997481787,0.10510615352541208,0.0330601376015693,85,-0.9188085752306506,0.19559882995028283,2700.0,-1.5770315850983025,-0.9976957470178605,0.0,-0.9928352534770966
0.0,-11.041797093547428,0.0,-1.1569922132057893e-08,0.0,-10.887502024169454,-0.04514741860330105,675.0,-1.5695522154991308,0.5226022079586983,0.3963574230670929,7925803.0,0.43643313756705415,0.0,0.7015390619635582,-7.416243319997289,10.673082303778783,-26.99999999999758,0.0,0.006086742511251941,8700.0,2175.0,-0.047839090973138806,0.39778785333037375,0.0,-26.99999974741151,1.0000070671122576,0.0220947265625,-7.199200562401646,-10.648624514245837,0.0313720703125,-0.15283509902656078,-1.5549679329736261,0.10572742167860269,0.03430928569287062,86,-0.9180684213679342,0.09250648142425807,2700.0,-1.569552204789943,-0.9979771614074707,0.0,-0.9925645381212235
0.0,-11.154618815133235,0.0,-1.2154904479855621e-12,0.0,-11.0063435911797,-0.04642007136717439,675.0,-1.5771871652204106,0.524266567826271,0.39712159633636473,8016928.0,0.519150185757906,0.0,0.7050666645169258,-7.554387034191461,10.814183743326467,-27.0,0.0,0.006088890432147309,8800.0,2200.0,-0.048189166281372306,0.39810177832841875,0.0,-27.0,1.000001068230522,0.022705078125,-7.3489260528129465,-10.78151999286484,0.0559326171875,-0.15334502942860126,-1.566670455492116,0.10654546935111284,0.033814090630039574,87,-0.918661608772527,0.06219086491010386,2700.0,-1.5771871652192204,-0.9979764387011528,0.0,-0.9926718562841416
0.0,-11.047242168903361,0.0,-1.1194920123020612e-16,0.0,-10.902865619152447,-0.047009894344955686,675.0,-1.577548136888072,0.5260306373238564,0.3973793089389801,8108053.0,0.42124882387939655,0.0,0.7094608962535858,-7.414950642691913,10.692869828266748,-27.0,0.0,0.00628051248495467,8900.0,2225.0,-0.04938877215608954,0.39897863417863844,0.0,-27.0,1.000000240760882,0.0616455078125,-7.377639153499662,-10.661068884183305,0.04921875,-0.15349727720022202,-1.5733198154000931,0.10633033271878958,0.032932734303176406,88,-0.9184874869752093,0.05412349425330274,2700.0,-1.577548136888072,-0.9979124903678894,0.0,-0.992862868309021
0.0,-10.966551044142813,0.0,-7.231227638916074e-16,0.0,-10.819645267099077,-0.04815066233277321,675.0,-1.5889317070483238,0.5274314329028129,0.39919523522257805,8199178.0,0.40228508116338035,0.0,0.7123936071991921,-7.479230721736549,10.604950191031202,-27.0,0.0,0.00654668795177713,9000.0,2250.0,-0.05060449419543147,0.4010718010365963,0.0,-27.0,1.000000369223946,0.0284423828125,-7.383945494211756,-10.58117448161296,0.050634765625,-0.155185454338789,-1.5857008694600374,0.10574491452425719,0.031012700218707324,89,-0.9162544153427007,0.03911250434858501,2700.0,-1.588931707048323,-0.9978236511349678,0.0,-0.993278993666172
0.0,-10.708997838828987,0.0,-2.7345736552206434e-10,0.0,-10.564373184084761,-0.05042749382555485,675.0,-1.5817826786875975,0.5292450577020645,0.41065351068973543,8290303.0,0.34372918593850343,0.0,0.715559846162796,-7.1466492648766415,10.327517999851942,-27.0,0.0,0.006041852984344587,9100.0,2275.0,-0.051485487073659894,0.40367485880851744,0.0,-27.0,1.000000484880525,0.0457275390625,-7.50092666013166,-10.30827840573394,0.0277099609375,-0.1556982986629009,-1.5789108546280857,0.10633226968348027,0.03358115409500897,90,-0.9176679776421224,0.030645192594845282,2700.0,-1.581782678431773,-0.9979921415448189,0.0,-0.9927223429083825
0.0,-11.012070537066801,0.0,-8.307424655412503e-09,0.0,-10.838781573924871,-0.050972362980246544,675.0,-1.5921465485830975,0.5310649886727333,0.4188958503305912,8381428.0,0.4392352309230819,0.0,0.7171446830034256,-7.473262996171597,10.623937007393952,-27.0,0.0,0.007992240216117353,9200.0,2300.0,-0.051102133188396695,0.4051433026790619,0.0,-26.999999999883713,1.0000002356547604,0.0159423828125,-6.900451765950156,-10.613210725345942,0.0221435546875,-0.15574686825275422,-1.5748572123896716,0.10763929933309554,0.034908820688724515,91,-0.9175498264728958,0.08322169852415698,2700.0,-1.5921465404579067,-0.9973412290215492,0.0,-0.9924345880746841
0.0,-10.930649410086184,0.0,-1.1305129156086731e-09,0.0,-10.783793196356092,-0.053433357086032626,675.0,-1.5761210752015793,0.534833949804306,0.4377775862812996,8472553.0,0.412847572506678,0.0,0.7202027171850205,-7.6720828341047715,10.584897343003195,-27.0,0.0,0.008763091755099595,9300.0,2325.0,-0.05070416750386357,0.4062203787267208,0.0,-27.0,1.000000154274108,0.039208984375,-7.216404796094785,-10.560415764743457,0.05830078125,-0.15451915189623833,-1.5569015105201454,0.10578992534428835,0.03008216042071581,92,-0.9170892649955931,0.09648624878247006,2700.0,-1.5761210740936804,-0.9970839589834213,0.0,-0.9934806808829307
0.0,-10.823108791259159,0.0,-2.0477790002717043e-09,0.0,-10.665567538913777,-0.054283890221267936,675.0,-1.573613744355794,0.5385551363229751,0.44738633930683136,8563678.0,0.3782021146260278,0.0,0.7226778581738472,-7.554401724546069,10.45770174337441,-27.0,0.0,0.008904551772866398,9400.0,2350.0,-0.05102361431345344,0.40750062838196754,0.0,-27.0,1.0000000021922042,0.0267578125,-7.23576268142819,-10.432176334548107,0.0369873046875,-0.15578015632927417,-1.5633141465038953,0.10761968027800321,0.030227930471301078,93,-0.9163087344168162,0.08533377777038983,2700.0,-1.573613742348971,-0.9970367431640625,0.0,-0.9934490770101547
0.0,-10.949275109944663,0.0,-6.622567897602326e-10,0.0,-10.780483117955502,-0.05514799002557993,675.0,-1.5552567775142918,0.5417855560779572,0.4578287184238434,8654803.0,0.5305892632539916,0.0,0.7254498034715653,-7.284919896271337,10.608622902888523,-27.0,0.0,0.010577452788129448,9500.0,2375.0,-0.05080040581524372,0.4092817708849907,0.0,-27.0,1.0000000288420976,0.0268798828125,-7.353469308342783,-10.577771084404421,0.0389404296875,-0.15657641775906087,-1.5479636289216636,0.10640715230256319,0.03202952858991921,94,-0.9186220928037073,0.056945694041840446,2700.0,-1.5552567768652807,-0.9964784309267998,0.0,-0.993058617413044
0.0,-11.48098530645369,0.0,-3.0026271612701525e-11,0.0,-11.305745158071549,-0.05616722833365202,675.0,-1.5846461696815397,0.5451150208711624,0.4772516943514347,8745928.0,1.4142567592973105,0.0,0.7282356128096581,-7.4413033392576535,11.32970986376238,-27.0,0.0,0.008647224958986044,9600.0,2400.0,-0.052643904276192185,0.4117482639849186,0.0,-27.0,1.0000000091754582,0.0318359375,-7.307369372717809,-11.29027751188234,0.0470703125,-0.15796667970716954,-1.5804744295256932,0.10499996747821569,0.030086727626621724,95,-0.9184496065572603,0.03767315057800346,2700.0,-1.5846461696521146,-0.9971226245164871,0.0,-0.993479685485363
0.0,-10.894824328352309,0.0,-9.753014958492617e-10,0.0,-10.741019857479902,-0.057311704568564895,675.0,-1.571385945156824,0.5478299170732498,0.48070238530635834,8837053.0,0.5029709681133057,0.0,0.7308620676398278,-7.535783597608432,10.553148665848395,-27.0,0.0,0.006783162720967084,9700.0,2425.0,-0.05337026799097657,0.4135572358965874,0.0,-27.0,1.0000000301800942,0.0484619140625,-7.4114500024361165,-10.534454570643867,0.047802734375,-0.16093990132212638,-1.5713926121461472,0.10650502238422632,0.03138146717101335,96,-0.9174090734333731,0.018338989333961747,2700.0,-1.571385944201029,-0.9977447345852852,0.0,-0.9931990772485733
0.0,-11.263161984838538,0.0,-3.818773208924346e-14,0.0,-11.111140212955567,-0.05848636385053396,675.0,-1.5796208626460075,0.5503723740577697,0.48309978395700454,8928178.0,0.5655465911548653,0.0,0.733001658320427,-7.592742133783605,10.932111591707331,-27.0,0.0,0.00587584309396334,9800.0,2450.0,-0.0542703197337687,0.41519376263022423,0.0,-27.0,1.000000000036946,0.043701171875,-7.426174165481964,-10.90000014594354,0.039111328125,-0.16175910755991935,-1.5758287875807049,0.10918231513351202,0.032545589236542584,97,-0.9204913341411156,0.02164238450231349,2700.0,-1.5796208626459702,-0.998047550022602,0.0,-0.9929467886686325
0.0,-11.253069760424234,0.0,-3.044760457065037e-09,0.0,-11.091949351050399,-0.05986847812309861,675.0,-1.5775609086623283,0.553120556473732,0.4937950924038887,9019303.0,0.5728743223150338,0.0,0.7357171788811684,-7.526073839237827,10.903716400838661,-27.0,0.0,0.00596126897726208,9900.0,2475.0,-0.055603099148720504,0.4172123894095421,0.0,-27.0,1.0000000571952437,0.058203125,-7.45564829404077,-10.878677406477534,0.04091796875,-0.16213720701634884,-1.5781366532242505,0.10715587828308344,0.03409207332879305,98,-0.9205634450008802,0.014494941686988661,2700.0,-1.577560905678547,-0.9980190306901932,0.0,-0.9926116153597832
0.0,-10.98830849588698,0.0,-27.0,0.0,-10.84233935825137,-0.06076589347794652,675.0,-24.625804139855276,0.5567766964435578,0.5207810997962952,9110428.0,0.4149072878142534,0.0,0.738160939514637,-6.572282924904702,10.633815008778704,-27.0,0.0,0.006455507653299719,10000.0,2500.0,-0.05644737342372537,0.41889144852757454,0.0,-27.0,28.0,0.0392333984375,-7.739185807258237,-10.60645993622612,0.0591552734375,-0.15934018082916737,-24.63288942991196,0.10780708491802216,0.029035407491028307,99,-0.918309215278714,27.280208705756866,2700.0,-1.5857074601677597,-0.997854083776474,0.0,-0.9937075272202491
