test/episodes,train_0/q_loss,train_1/q_loss,policy/steps,test/success_rate,train_1/mu_grads_std,train_0/avg_q,train_0/q_grads,train_1/reward_-27.0_frac,train/success_rate,train_0/current_q,train_1/reward_-0.0_frac,epoch,train_0/target_q,train_1/subgoal_succ_rate,test_1/subgoal_succ_rate,train_1/next_q,train_1/reward_-1.0_frac,train_1/avg_q,train_0/mu_grads,test_1/n_subgoals,train_0/mu_loss,test_0/avg_q,train_1/target_q,train_0/next_q,train_1/mu_loss,train_1/reward,train_1/mu_grads,train_0/fw_bonus,train_0/mu_grads_std,train_0/reward_-1.0_frac,train_0/reward_-0.0_frac,train_1/q_grads,train_1/q_grads_std,train_1/fw_bonus,train_1/fw_loss,test_1/avg_q,train_1/current_q,train_0/fw_loss,train_0/reward,train_0/q_grads_std,train/episodes,train_1/n_subgoals
25.0,0.5458713563988249,0.7934362287659715,91125.0,0.0,0.1288153413683176,-8.128136610485887,0.0060517149977386,0.0,0.0,-8.071140624818284,0.0,0,-8.192211342092671,0.0,0.5196150999259808,-4.874924830317383,0.00078125,-6.749707711598989,-0.00443147246260196,1351.0,8.027875428010292,-14.764951381648281,-5.826307536685339,-8.009540749341493,4.890107565405366,-2.098172726303164,-0.004192145622801036,-0.9935825914144516,0.1418863721191883,2.44140625e-05,0.0,0.02232911977916956,0.10934648904949426,-0.9867507293820381,0.06565083945170044,-8.364738032266535,-5.843881200373616,0.028588433703407645,-0.7168840726095368,0.12228604424744845,100.0,2700.0
50.0,0.5054152456553768,0.5863619970768513,181863.0,0.0,0.16230046264827253,-23.81781276087998,0.007452698959968984,0.0,0.0,-8.77455888024648,0.0,1,-8.86236208663149,0.007037037037037037,0.0,-5.383790641189499,0.0001220703125,-12.555317830580833,-0.008258425688836724,675.0,8.721341314448747,-21.063245035003305,-6.192687382647116,-8.715128163605623,5.393056697224547,-2.0419311833647953,-0.011947082332335412,-0.9962511926889419,0.18493100814521313,0.0005859375,0.0,0.018400171725079417,0.11208862829953432,-0.9845459684729576,0.07531667295843363,-11.948052135248652,-6.214080153843256,0.016860424890182912,-0.7163629010996374,0.13107691779732705,200.0,2700.0
75.0,0.36351512871200864,0.48856220099614944,272882.0,0.0,0.18780584931373595,-26.323114838640727,0.006793589482549578,0.0,0.0,-9.325548492089649,0.0,2,-9.469411750918777,0.0025925925925925925,0.0,-5.611560609729639,2.44140625e-05,-13.147357104984527,-0.013797140517272054,675.0,9.28157483183518,-26.985921164886125,-6.399587863254304,-9.266182921128387,5.621786461520078,-2.1174829812080134,-0.018496893951669334,-0.996841587126255,0.21217308342456817,0.0001953125,0.0,0.011850537359714508,0.11999143157154321,-0.9811573669314384,0.09017247259616852,-10.871258382450453,-6.41425717185823,0.014265722129493952,-0.7195267533381411,0.13389343582093716,300.0,2700.0
100.0,0.29629640092727394,0.2143104063879009,363948.0,0.0,0.20048669241368772,-26.647951474057873,0.0062012634938582775,0.0,0.0,-8.976687039023295,0.0,3,-9.123680939372822,0.0014814814814814814,0.0,-5.770411007183416,2.44140625e-05,-13.064314353388973,-0.01861117868684232,675.0,8.91632341781631,-25.87570904221967,-6.541588220858991,-8.903153253855276,5.796200421897861,-2.110458129559265,-0.02172618042677641,-0.9972265839576722,0.23920583240687848,0.0029052734375,0.0,0.0028407130332197992,0.12959479354321957,-0.9796809166669845,0.09664537012577057,-13.192076706538797,-6.547739627703931,0.012573761492967605,-0.7215380954250576,0.1379546072334051,400.0,2700.0
125.0,0.33720801682498697,0.18518644341206666,454865.0,0.0,0.21522128023207188,-26.341740536070873,0.006728085456416011,0.0,0.0,-9.287491873526731,0.0,4,-9.436022010353755,0.0044444444444444444,0.016105417276720352,-5.59170451122426,2.44140625e-05,-13.594482107761198,-0.019563856115564705,683.0,9.233579056828901,-22.035400689741,-6.378166691478957,-9.22796799363189,5.599025536424625,-2.098893217407749,-0.02612793571315706,-0.9973937258124351,0.26248234435915946,0.002734375,0.0,-0.005486787052359432,0.1394399669021368,-0.9777913108468056,0.1049294477328658,-12.40718097094442,-6.378836317487087,0.011839199997484683,-0.7190581899456447,0.144613553583622,500.0,2700.0
150.0,0.42397520053376425,0.19006624051056903,545563.0,0.0,0.22115452960133553,-25.96624323525275,0.005496298964135349,0.0,0.0,-9.396072488564197,0.0,5,-9.540838293823098,0.01037037037037037,0.39332096474953615,-4.869532009308031,7.32421875e-05,-13.374133851930866,-0.025820729648694397,1078.0,9.348113414556583,-14.819452794987248,-5.833944586970854,-9.340772663419532,4.871248067096433,-2.1125963994629275,-0.028658288484439253,-0.9972514703869819,0.2873198248445988,0.00673828125,0.0,-0.013921349612064659,0.1554027423262596,-0.9752172067761421,0.11621448546648025,-10.768575078951983,-5.831607226609535,0.012464374932460488,-0.7269216340995627,0.15039059482514858,600.0,2700.0
175.0,0.4818020971595155,0.189291928374703,635612.0,0.0,0.22638153694570065,-25.26837591992015,0.006300704984460026,0.0,0.0,-9.38076965768783,0.0,6,-9.535941451514168,0.02148148148148148,0.02046783625730994,-4.625118037494632,0.0,-13.10168876123308,-0.027924937102943657,684.0,9.316660914564327,-18.005588859938676,-5.655045201570794,-9.30002101839814,4.64673914458732,-2.1133064517729507,-0.03002726649865508,-0.9970728024840355,0.31151309236884117,0.0174560546875,0.0,-0.0228084912057966,0.1759828392416239,-0.9726334184408187,0.12754203770309686,-10.279613245783576,-5.652534008797862,0.013249593600630761,-0.736805444318452,0.15731177665293217,700.0,2700.0
200.0,0.613287110310149,0.19432331944838843,725671.0,0.0,0.22803048975765705,-24.836132428651478,0.005789119633845985,0.0,0.0,-9.56223090885652,0.0,7,-9.691780788312967,0.022222222222222223,0.016058394160583942,-3.890150170195271,4.8828125e-05,-13.083450020400514,-0.03532216101884842,685.0,9.482219361457286,-16.467621270771286,-5.096187878267193,-9.460525145113632,3.9106277606902773,-2.0991407743946184,-0.03158565144985914,-0.9968398660421371,0.3350006267428398,0.0130859375,0.0,-0.03184038167819381,0.19766404666006565,-0.9719143509864807,0.13069440014660358,-7.356425126902909,-5.0978355203116,0.014273328194394707,-0.7498359463425004,0.16654655374586583,800.0,2700.0
225.0,0.6320275764481087,0.2761197311497662,814284.0,0.04,0.2320980079472065,-24.071727701354735,0.00425944288726896,0.0,0.01,-9.37996694223374,0.0,8,-9.506614478152263,0.041126343090033345,0.5474981870920957,-3.70027208312676,0.0,-12.563196064726167,-0.03929590824991465,1379.0,9.258759523514223,-12.989612372720345,-4.950219342468156,-9.230136143940246,3.712168173313427,-2.0901654118439184,-0.03321203952655196,-0.9963972106575966,0.35633460357785224,0.005322265625,0.0,-0.039813284575939176,0.22005810737609863,-0.9691735982894898,0.1427100721746683,-7.885843284184483,-4.9486874043587505,0.016218699142336847,-0.7630301486213285,0.17481642141938208,900.0,2699.0
250.0,0.8045704841839644,0.44548714880976653,901413.0,0.0,0.23547051660716534,-23.023275565568305,0.0029495009512174875,0.0,0.06,-9.365503050928135,0.0,9,-9.483834913264099,0.05303030303030303,0.04011461318051576,-3.5162309756889925,2.44140625e-05,-12.145318355226784,-0.04442071784287691,698.0,9.241678369918606,-15.469313536436609,-4.844552646469154,-9.197327698760997,3.5335981392297726,-2.1085772364385775,-0.03437747620046139,-0.9957930788397789,0.37672172114253044,0.0094482421875,0.0,-0.04766482133418322,0.24617692418396472,-0.9656407982110977,0.15819808319211007,-6.976700268582843,-4.840462445724491,0.01887380345724523,-0.7816123542623246,0.182686797529459,1000.0,2640.0
275.0,0.9280835826774215,0.649486697904805,988454.0,0.04,0.24158712662756443,-22.745408543798565,0.002485095750307664,0.0,0.05,-9.60099476918354,0.0,10,-9.705818778572318,0.06749156355455568,0.05043227665706052,-3.553190820665751,2.44140625e-05,-11.655238894810989,-0.04901415146887302,694.0,9.45104735936658,-16.48157371078254,-4.876768732120452,-9.402652550434444,3.565563931395535,-2.1112717630545377,-0.03563023237511516,-0.9950513571500779,0.3934456527233124,0.0065673828125,0.0,-0.05468195164576173,0.2714759796857834,-0.9608736127614975,0.17909776605665684,-4.565811475864211,-4.881441601169927,0.022133516147732735,-0.8004309493189794,0.1910936411470175,1100.0,2667.0
300.0,0.9656963935108436,0.8379092464722053,1070202.0,0.2,0.24670329466462135,-22.288849833688325,0.0011661567550618201,0.0,0.14,-9.377571602639652,0.0,11,-9.46437384985499,0.07886557886557886,0.7209039548022599,-3.293117941264616,0.0,-11.02955644653225,-0.049292806070297956,1770.0,9.192387933504332,-11.544521277643595,-4.675231419828061,-9.131120046406163,3.305377102795885,-2.0659449777231202,-0.03752596648409963,-0.9945944815874099,0.4098645806312561,0.0020263671875,0.0,-0.06065489528700709,0.29534086138010024,-0.9583059698343277,0.19035443030297755,-7.1145787030645895,-4.678162612620904,0.02414140650071204,-0.8118846401339397,0.19981739185750486,1200.0,2574.0
325.0,1.0343966192894722,1.0852240342839985,1150895.0,0.2,0.2520847827196121,-21.351146831055075,0.0004478030117752496,0.0,0.16,-9.235804414531163,0.0,12,-9.312658142927157,0.11228070175438597,0.529004329004329,-3.136849224371222,0.0,-10.796315864270184,-0.05145301036536694,1155.0,9.027500636206721,-11.163322915116296,-4.57702060630406,-8.949475702765902,3.155053317731949,-2.071425204375555,-0.039672178123146294,-0.99404985755682,0.42616624385118484,0.001123046875,0.0,-0.06736052129417658,0.3143428035080433,-0.9542029544711113,0.20834233313798906,-2.5537519181327695,-4.576546760199134,0.02653488740324974,-0.8256260056354222,0.20977651625871657,1300.0,2565.0
350.0,1.1123088487136203,1.2435882591027825,1228674.0,0.4,0.25746083036065104,-21.255961769332302,0.0014710990770254284,0.0,0.17,-9.350356488424534,0.0,13,-9.430456438015693,0.11794472557415336,0.08383233532934131,-3.234855255445022,0.0,-10.649889502058752,-0.05546764703467488,501.0,9.13610887533472,-13.708981811457129,-4.6510858770113135,-9.04179850126619,3.2600335958599063,-2.037859219054371,-0.04040557276457548,-0.9937355577945709,0.4408307269215584,0.00068359375,0.0,-0.07311689164489507,0.3313164830207825,-0.9517682448029519,0.21901624724268914,-4.873302773162016,-4.645696730280468,0.02791622020304203,-0.8345752966131841,0.21945250667631627,1400.0,2569.0
375.0,1.1205243645327059,1.2660054318213827,1302694.0,0.32,0.2621648110449314,-21.326980431275075,0.0015931256377371028,0.0,0.32,-9.299780972330066,0.0,14,-9.375691770233628,0.11372219890893831,0.6125970664365833,-2.946483911695722,0.0,-10.536122493417352,-0.05837311903014779,1159.0,9.0564074029141,-11.226008356284096,-4.393706684421168,-8.972304501916701,2.972771592408294,-1.9733274896192596,-0.04110744213685393,-0.9933498620986938,0.45356611907482147,0.00078125,0.0,-0.07752051614224911,0.3469452053308487,-0.9502194330096245,0.225806325674057,-2.4704661753797996,-4.400782253249884,0.029611261421814562,-0.8384351857530419,0.22756510972976685,1500.0,2383.0
400.0,1.1832307395430095,1.3420156129510705,1376988.0,0.32,0.2684099331498146,-21.026129978611145,0.0013249478448415174,0.0,0.36,-9.313064120182588,0.0,15,-9.391766454326568,0.1131051752921536,0.29927007299270075,-2.7428748975434316,0.0,-10.242440067708806,-0.0601853447034955,685.0,9.06842764040029,-9.513571415707476,-4.255388041578885,-8.973039193035962,2.780950356388197,-1.9982051868777488,-0.04341331133618951,-0.9930693581700325,0.4655206650495529,0.0006103515625,0.0,-0.08262875434011221,0.36422637924551965,-0.9469719037413598,0.24004372134804725,-4.785097213955667,-4.2603542787200865,0.030844022613018753,-0.8435195436548384,0.23551741875708104,1600.0,2396.0
425.0,1.150509016907648,1.6081743297067064,1448820.0,0.24,0.27528067752718927,-20.59383192975136,-0.00024969757978396954,0.0,0.43,-9.266831644901226,0.0,16,-9.346041766199278,0.1210920299427565,0.5860927152317881,-2.698638539089212,0.0,-9.804954758519164,-0.060553945787251,1208.0,9.022483375425901,-11.19869040068187,-4.223381661068634,-8.925622327713139,2.7492442335756744,-2.0032321779741324,-0.04533146498724818,-0.9926268339157105,0.47567516192793846,0.0003173828125,0.0,-0.08760343790054322,0.38014047518372535,-0.9453803643584251,0.24702106453478337,-2.7471580770487307,-4.230308339106388,0.03278885665349662,-0.8450072640393046,0.242570224404335,1700.0,2271.0
450.0,1.2472261478927882,1.7543436225671762,1514959.0,0.64,0.28214816749095917,-20.117620798783044,-0.0016306520585203544,0.0,0.46,-9.464740159000767,0.0,17,-9.53066554314682,0.12697695436059647,0.18287037037037038,-2.5566903535014047,0.0,-9.5404144739967,-0.06210304014384747,432.0,9.242035905167466,-14.184135633032993,-4.1014184656516495,-9.121711552616565,2.6111526431641776,-1.9918420965979748,-0.04753587078303099,-0.9923719391226768,0.4850745819509029,0.0005859375,0.0,-0.0937898013740778,0.3946056418120861,-0.944768163561821,0.2497049681842327,-4.3253185621509695,-4.102581097022885,0.03390908492729068,-0.8497382138033572,0.2491945017129183,1800.0,2213.0
475.0,1.160388449678212,1.7464409087182589,1579143.0,0.52,0.28826354518532754,-20.66945671961754,-0.0027798826224170623,0.0,0.52,-9.383288439839443,0.0,18,-9.459844392426362,0.12810886907555138,0.788130185067007,-2.520004447161516,0.0,-9.477382010295969,-0.06316488087177277,1567.0,9.15084868884538,-11.868300190500056,-4.03126470361792,-9.032898113284217,2.5565486688899153,-1.9317982342596225,-0.05005107382312417,-0.9922177508473397,0.49377828612923624,0.000341796875,0.0,-0.09878593292087316,0.40792726203799246,-0.9442117005586624,0.25214458666741846,-1.7745227038938582,-4.026880355691824,0.03458666685037315,-0.8523100510094082,0.2547566920518875,1900.0,2131.0
500.0,1.1328103394101365,1.8401596067964938,1642381.0,0.6,0.29407191202044486,-20.537008607719258,-0.004599361075088381,0.0,0.52,-9.339813256293926,0.0,19,-9.408284165990967,0.12779850746268656,0.20876288659793815,-2.383710807635208,0.0,-9.55432928831475,-0.06333037056028842,388.0,9.109262572562168,-12.981004123553877,-3.8848468963462297,-8.983696539443098,2.437585602027295,-1.887022579285258,-0.052589208167046306,-0.9919481605291367,0.5017591819167138,0.000390625,0.0,-0.10250700134783983,0.42001268118619917,-0.9418674215674401,0.2624220550060272,-3.395665468928121,-3.8964596424290745,0.035771471355110405,-0.8564355094655184,0.25975102186203003,2000.0,2144.0
525.0,1.1713162011934533,1.9100824869829864,1709421.0,0.28,0.29929308593273163,-21.02486584184603,-0.005962348054163158,0.0,0.47,-9.46985453922537,0.0,20,-9.543486921117593,0.1312410841654779,0.06846846846846846,-2.3376892163768126,0.0,-9.388267344801257,-0.06403711251914501,555.0,9.244241727281088,-15.19187611377507,-3.882871158983627,-9.114646873544018,2.3938986777730156,-1.9444862707416177,-0.05455204779282212,-0.9916899114847183,0.5085710689425469,0.00029296875,0.0,-0.10551007315516472,0.4309384822845459,-0.9421707913279533,0.26109210811555383,-4.013997408080065,-3.8887054450109018,0.03690644130110741,-0.8565749384761148,0.26554538309574127,2100.0,2103.0
550.0,1.1307338758352112,1.9589071579020245,1769617.0,0.64,0.3040642574429512,-20.218170356701524,-0.006840681447647512,0.0,0.51,-9.52907114190079,0.0,21,-9.601899068248354,0.13970235237638023,0.7605633802816901,-2.3534435937774605,0.0,-9.046318511172958,-0.06599924452602864,1065.0,9.296902511730668,-11.631902903157423,-3.8680044201462813,-9.15517997587052,2.4011292940894835,-1.9155532904966095,-0.05585470600053668,-0.9917006865143776,0.514955087006092,0.00048828125,0.0,-0.10920513607561588,0.44043674021959306,-0.9409210413694382,0.2665710777044296,-1.4209727915612511,-3.8658311178822276,0.0368591639213264,-0.8623542427892972,0.27115782126784327,2200.0,2083.0
575.0,1.0474503452351944,1.965732262424919,1832647.0,0.56,0.30968757569789884,-20.766860594642328,-0.007879872457124293,0.0,0.44,-9.405692961807755,0.0,22,-9.489637877137,0.11898016997167139,0.7071984435797666,-2.3203130875726927,0.0,-9.39732966987271,-0.06719671208411455,1028.0,9.180671292163174,-10.817999148302327,-3.822918821942708,-9.050069212446695,2.363626251341679,-1.8987806740078668,-0.058171296305954454,-0.9918612226843834,0.5215127274394036,0.0004150390625,0.0,-0.11325613372027873,0.4504946701228619,-0.9411892771720887,0.2653950970619917,-1.8222385928696851,-3.8217260005039746,0.03615357847884297,-0.8597001423077018,0.27602552622556686,2300.0,2118.0
600.0,1.2351891516125677,2.0872676059468547,1894733.0,0.48,0.31534114107489586,-20.637625144099292,-0.0085635642753914,0.0,0.52,-9.602869339291251,0.0,23,-9.67488728220496,0.12088452088452088,0.8011015911872705,-2.3672777406263856,0.0,-9.498868580475008,-0.06835352461785078,1634.0,9.370809877656107,-13.26119887299133,-3.875478907293066,-9.250744904518854,2.4110739410727797,-1.916334303298936,-0.0596940778195858,-0.9918208301067353,0.5272270202636719,0.0005859375,0.0,-0.11690299771726131,0.4601603582501411,-0.9409205555915833,0.2665731780230999,-1.5891953252585282,-3.8771573035457956,0.036331129167228936,-0.8594724231421423,0.280845707654953,2400.0,2035.0
625.0,1.1016296114150155,2.0464991125761736,1957817.0,0.56,0.3218880519270897,-20.424850332275323,-0.008845589566044509,0.0,0.52,-9.662241694513309,0.0,24,-9.734808974210456,0.13901760889712697,0.8809297912713473,-2.297188990505508,0.0,-9.027346862177398,-0.07118812836706638,2108.0,9.443946514681684,-11.102257612584813,-3.8108415157697153,-9.301238156399979,2.327006667234566,-1.9008998282122775,-0.062335163820534945,-0.9918437466025353,0.5329117432236672,0.000244140625,0.0,-0.12033312171697616,0.47016367092728617,-0.9402029827237129,0.2697190947830677,-1.1762071340665539,-3.8158259212018146,0.036230366211384535,-0.8591909181675874,0.28487303480505943,2500.0,2158.0
650.0,1.1381837831693336,2.209249475965308,2017726.0,0.44,0.32760089710354806,-20.84699785578388,-0.009879290801472962,0.0,0.6,-9.456807481779318,0.0,25,-9.536028612497502,0.12695109261186263,0.6274694261523989,-2.306009655280273,0.0,-9.289599246202743,-0.07129512783139944,1063.0,9.230644467665693,-13.647482507072896,-3.8095188117144887,-9.095767092514894,2.3454303839788713,-1.8961139569204533,-0.06471931003034115,-0.9918000385165214,0.5375817701220512,0.0004150390625,0.0,-0.12550238966941835,0.4797822743654251,-0.9409583806991577,0.2664073549211025,-2.178329641574754,-3.811889531251873,0.03642243556678295,-0.8582047109019186,0.2888510927557945,2600.0,1922.0
675.0,1.126183934210937,2.2050672898632455,2077239.0,0.52,0.33254535049200057,-20.87901572484095,-0.011149317538365722,0.0,0.55,-9.5751537964783,0.0,26,-9.664042280751888,0.13085539714867617,0.8850188837599664,-2.2845686598503065,0.0,-8.939573089780914,-0.07157919723540544,2383.0,9.342466434088811,-10.731404603727468,-3.7783377976239385,-9.227338353941994,2.318396147470966,-1.8893689496086155,-0.06559513173997403,-0.991849584877491,0.5426764443516732,9.765625e-05,0.0,-0.12950857654213904,0.487879554182291,-0.940700787305832,0.26753665059804915,-4.213975720768469,-3.776178167215362,0.03620476704090834,-0.8533588694772334,0.2937560275197029,2700.0,1964.0
700.0,1.1031521947374066,2.160275597020811,2132850.0,0.68,0.3372174896299839,-20.406007596898096,-0.011728064296767116,0.0,0.59,-9.465417705044837,0.0,27,-9.544713241634387,0.13478486262312078,0.7443365695792881,-2.2461176769398348,0.0,-9.047261592146537,-0.07236624322831631,927.0,9.237085591179738,-14.72742844154441,-3.7436465302883257,-9.110922756066914,2.267904723788436,-1.8847714330957388,-0.06649136003106833,-0.9917488873004914,0.5466922953724861,0.000244140625,0.0,-0.13328789211809636,0.4957284018397331,-0.94005067050457,0.2703867837786674,-1.7425092825047979,-3.7452212848534545,0.03664726624265313,-0.8516239562159171,0.2972904406487942,2800.0,1929.0
725.0,0.9879149756492882,2.3340252054387904,2184054.0,0.6,0.34193659722805025,-20.44769103379338,-0.012809752579778432,0.0,0.67,-9.3720810320058,0.0,28,-9.452470833140058,0.14318975552968569,0.8449367088607594,-2.206052873632644,0.0,-8.89716404193609,-0.07332404721528292,1580.0,9.15791221920647,-14.020141992113498,-3.7099945611568557,-9.017013072397955,2.238731982142223,-1.9071065426302085,-0.06807981394231319,-0.9919831424951553,0.5517682731151581,0.00029296875,0.0,-0.13837189115583898,0.5040156245231628,-0.940702348947525,0.2675298422574997,-1.4537595852881693,-3.695881478844494,0.035617747250944375,-0.851191768222634,0.3014343462884426,2900.0,1718.0
750.0,1.2548789606384572,2.2794615925231705,2241259.0,0.48,0.34761355593800547,-20.822922692394524,-0.013711007731035351,0.0,0.61,-9.092873629647062,0.0,29,-9.192638114478374,0.12838569880823403,0.7129109863672815,-2.2335964081147175,0.0,-9.09069784117775,-0.07508878670632839,1247.0,8.880360912501093,-8.358257074735716,-3.7259664234529652,-8.735436926298764,2.275383904664838,-1.8895455135629162,-0.0694099696353078,-0.9919446364045144,0.5566843539476395,0.000390625,0.0,-0.1427344985306263,0.5130179271101951,-0.9396867334842682,0.27198235020041467,-1.9326801522115058,-3.7301472005810665,0.03578698905184865,-0.8503546423642547,0.3054558105766773,3000.0,1846.0
775.0,1.0424851269195254,2.0587005460831262,2292420.0,0.8,0.35285810977220533,-19.730672056595047,-0.012670126650482416,0.0,0.66,-9.584294518300808,0.0,30,-9.667452512429039,0.13948380010982978,0.7962085308056872,-2.0415286249126696,0.0,-8.799779050030303,-0.0766680296510458,844.0,9.350047203027298,-12.31985842530215,-3.518580912473722,-9.227276800073266,2.0735085541737925,-1.827366204133432,-0.07125859223306179,-0.991884671151638,0.5606066524982453,0.000390625,0.0,-0.14697716310620307,0.5240636005997658,-0.9380331873893738,0.2792315810918808,-5.823225242318394,-3.5200990966475607,0.036050516087561844,-0.8537548367276031,0.3091157615184784,3100.0,1821.0
800.0,1.0054643543606965,2.0326411875192028,2350377.0,0.6,0.35783216208219526,-20.660992016345556,-0.012611443898640573,0.0,0.55,-9.474292054207636,0.0,31,-9.577471840140758,0.1392984239959329,0.43664717348927873,-2.043593912941592,0.0,-8.894196573892895,-0.0766513416543603,513.0,9.254534438832405,-14.032828863258677,-3.517443368326714,-9.130648410107282,2.0590228154108123,-1.8342015343463571,-0.07260990533977747,-0.9919489428400994,0.5650603875517846,0.0005126953125,0.0,-0.15157357156276702,0.5354943245649337,-0.9380563959479332,0.2791298784315586,-5.577527056458872,-3.5112278529715093,0.03576807323843241,-0.8522488842863822,0.3127184592187405,3200.0,1967.0
825.0,0.9381923529926155,1.9641254643268682,2401873.0,0.76,0.361584597080946,-20.586119809848135,-0.012001038459129632,0.0,0.64,-9.418652522909651,0.0,32,-9.521531035159768,0.12583148558758314,0.20652173913043478,-2.034310814577117,0.0,-8.92724674397906,-0.07871615458279849,276.0,9.20445357568,-10.516843292540416,-3.5033789651632974,-9.061025907169098,2.0661587129720944,-1.8215773153613555,-0.07433172259479762,-0.9920805811882019,0.5696493729948997,0.0006103515625,0.0,-0.15574151054024696,0.5445959165692329,-0.9385159581899643,0.27711508572101595,-3.811893026039786,-3.50230915746029,0.035189542546868326,-0.851972906949959,0.317491065710783,3300.0,1804.0
850.0,1.0075053128585576,1.879694365875277,2455607.0,0.64,0.3660547524690628,-20.555284438229403,-0.012000333331525326,0.0,0.62,-9.749441472066255,0.0,33,-9.847308759097965,0.12738160043549265,0.6857142857142857,-2.0096806694111984,0.0,-8.966229942359522,-0.07870714608579873,805.0,9.529920280088007,-17.334976191710382,-3.5180723857265632,-9.404141053703537,2.052897140782315,-1.8489534750566237,-0.07603230252861977,-0.9922379717230797,0.5743817374110222,0.0006591796875,0.0,-0.1605364117771387,0.5532168433070183,-0.9377507090568542,0.28047002404928206,-2.121404108262975,-3.518923832277809,0.03449785839766264,-0.8534920297817734,0.3223076552152634,3400.0,1837.0
875.0,1.013465870131808,1.911064592844566,2504686.0,0.76,0.36998080313205717,-20.60084419341931,-0.01288367824163288,0.0,0.72,-9.666916921481356,0.0,34,-9.75820539544494,0.14672036823935558,0.2054263565891473,-2.0458648818621423,0.0,-8.635561476129586,-0.07998424377292394,258.0,9.450997308007828,-14.415640342415829,-3.5667892021115564,-9.313126229504643,2.086953932147926,-1.8702746087292326,-0.07724170405417681,-0.9921345293521882,0.5793239891529083,0.0010009765625,0.0,-0.16458001174032688,0.5628323927521706,-0.9384251922369004,0.2775130167603493,-2.813202431801637,-3.5637401270093902,0.034952464140951635,-0.8578226332800114,0.3271579585969448,3500.0,1738.0
900.0,0.9969955780203257,2.182102568438171,2558039.0,0.76,0.3740195848047733,-21.807518302850085,-0.012532086833380163,0.0,0.59,-9.740081792820357,0.0,35,-9.822643850069188,0.11353944562899787,0.7976608187134503,-2.0442837866090544,0.0,-9.151601251231382,-0.0800903221592307,855.0,9.535466731055255,-16.434779703949076,-3.5457086990746047,-9.386028779217629,2.069488861434883,-1.8436894707992906,-0.08006608989089728,-0.9921734616160393,0.584034013748169,0.000537109375,0.0,-0.16830392107367514,0.5710112288594246,-0.9366953492164611,0.2850967556238174,-1.940329444046871,-3.5406670259209627,0.03478134740144014,-0.8558767691960384,0.33147330954670906,3600.0,1876.0
925.0,0.935790605826627,2.212590892929883,2606725.0,0.8,0.379376233369112,-21.52266259181636,-0.012119080312550068,0.0,0.64,-9.744029339222447,0.0,36,-9.858864062122489,0.1307113938692886,0.24369747899159663,-2.02276456546634,0.0,-9.073893455895343,-0.08184043057262898,238.0,9.539348579845603,-14.533415859636785,-3.5395847667886984,-9.40013948884231,2.0389850778527516,-1.8702776050398824,-0.08223597183823586,-0.9922633364796638,0.5884898602962494,0.000634765625,0.0,-0.17181951440870763,0.5783481106162072,-0.9350620463490487,0.292257259786129,-4.487548639109659,-3.534941573055731,0.03438633284531534,-0.8572034485172481,0.3354917883872986,3700.0,1729.0
950.0,0.9673709372972666,2.1441589395119776,2660671.0,0.72,0.38376395106315614,-21.519394380773463,-0.011892167711630463,0.0,0.63,-9.972664454192865,0.0,37,-10.05768908504295,0.12699256110520724,0.726552179656539,-2.035053229746862,0.0,-8.977503321613321,-0.08213215786963701,757.0,9.759940177684149,-14.411051986931943,-3.5105698836964443,-9.62341993475954,2.043086513200472,-1.822517646644701,-0.08354964647442102,-0.9922872200608254,0.5924384012818337,0.000439453125,0.0,-0.17545193433761597,0.5860448256134987,-0.9338292375206947,0.29766196087002755,-6.410163537592436,-3.5034314605833723,0.034281381778419016,-0.8569102128712984,0.3391971543431282,3800.0,1882.0
975.0,0.884873677266911,2.1658330412357345,2707093.0,0.76,0.38871968984603883,-20.872322049941598,-0.012236049794591964,0.0,0.75,-9.73235819225145,0.0,38,-9.821538641211575,0.15987841945288753,0.23809523809523808,-1.9968222034322047,0.0,-8.589146795499115,-0.08385142497718334,252.0,9.515519519462018,-21.011417826420576,-3.5267967540812877,-9.38092943201498,2.010586445075313,-1.8892862193613837,-0.08521556090563535,-0.9923326849937439,0.5963411137461663,0.00048828125,0.0,-0.17879093773663043,0.5946118026971817,-0.9336505576968193,0.29844529256224633,-5.461494207436559,-3.526039993305156,0.034081549383699894,-0.8565423229323642,0.3428075842559338,3900.0,1645.0
1000.0,0.9327025925147161,1.9220839602494215,2761167.0,0.44,0.3927945241332054,-21.30691503157131,-0.012825947301462293,0.0,0.66,-9.795745357040289,0.0,39,-9.877645391003004,0.1393063583815029,0.8587344028520499,-1.927210441716695,0.0,-8.858022924941997,-0.08488583192229271,2244.0,9.557077035074965,-13.787999294172678,-3.455106270326259,-9.438825913880105,1.9394792925364492,-1.8664739662570355,-0.08578432966023683,-0.9924111545085907,0.6001032084226608,0.000439453125,0.0,-0.1814285062253475,0.6015336260199546,-0.9328991025686264,0.3017397277057171,-1.302774589706728,-3.449443367683931,0.03373668389394879,-0.8550434724478692,0.34644853621721267,4000.0,1730.0
1025.0,0.9585022640504152,2.039355461388618,2808044.0,0.6,0.39636135548353196,-21.036637217802305,-0.01201802035793662,0.0,0.74,-9.884624652832198,0.0,40,-9.990141224597046,0.14285714285714285,0.8413878562577447,-1.9530547842226038,0.0,-8.578050387964652,-0.08621509429067373,1614.0,9.668282898184309,-12.339385936741389,-3.4680910760515724,-9.540095652791313,1.9649548324718011,-1.8625757676716603,-0.08656897768378258,-0.992439828813076,0.6046634837985039,0.0007080078125,0.0,-0.18447360433638096,0.6089710012078285,-0.9338917702436447,0.2973878152668476,-0.9792974999823466,-3.4673805943345366,0.033610724424943325,-0.8557291895645903,0.3508478827774525,4100.0,1533.0
1050.0,0.9324432512859872,2.1871535896870666,2862092.0,0.44,0.3994784288108349,-21.54384391525184,-0.01230353037826717,0.0,0.62,-9.825302351704305,0.0,41,-9.92358062689525,0.11992945326278659,0.6832740213523132,-1.9713863225250563,0.0,-8.981617367266434,-0.08827633913606406,1124.0,9.609689758577016,-10.189123433886754,-3.460726031013074,-9.471963275215568,1.9872403860994035,-1.8561931427037053,-0.08790322467684746,-0.9923633232712745,0.6087670981884002,0.00068359375,0.0,-0.18817532286047936,0.6163701757788658,-0.9307700753211975,0.31107352748513223,-1.2513204884473415,-3.4537094190806754,0.03394694989547133,-0.8524194528166845,0.35472418591380117,4200.0,1701.0
1075.0,0.9368384929317415,2.119632428747805,2914140.0,0.48,0.4026071526110172,-21.41739494796263,-0.012340449844487011,0.0,0.66,-9.870787046107296,0.0,42,-9.97991866732924,0.1238725195429946,0.8057247259439708,-1.96160660840613,0.0,-8.705471823444189,-0.08833986204117536,1642.0,9.653539998145595,-4.418088040666623,-3.4327839310660755,-9.530520993579438,1.973958638395524,-1.8435816104029072,-0.08978409674018621,-0.992440614104271,0.6132174670696259,0.000244140625,0.0,-0.19054401405155658,0.622095274925232,-0.930009911954403,0.3144061781466007,-0.8050318944957989,-3.424387004473516,0.033607226656749846,-0.8470870091550751,0.35926144048571584,4300.0,1663.0
1100.0,0.9122722187393105,2.412790367301872,2963772.0,0.72,0.40650550052523615,-21.003597318958565,-0.012283695279620588,0.0,0.67,-9.890364842388198,0.0,43,-9.999764803133884,0.12551319648093842,0.8809368900455433,-2.0898758191992335,0.0,-8.517180368662329,-0.0898177322000265,1537.0,9.696558332909799,-15.346182160556422,-3.547138836848982,-9.552445190674609,2.0993202954504873,-1.8573350531376491,-0.09113895315676927,-0.9925607204437256,0.6174228593707085,0.00048828125,0.0,-0.19316178634762765,0.6282453566789628,-0.9296115040779114,0.3161527387797832,-0.9967186960896487,-3.5480591282374876,0.03307942403480411,-0.85093123747356,0.3635044775903225,4400.0,1705.0
1125.0,0.900677700419274,2.5307386830644156,3016089.0,0.68,0.41003101468086245,-21.45017683821649,-0.012239226535893977,0.0,0.67,-9.941270934637267,0.0,44,-10.043615843351485,0.12794612794612795,0.20625,-2.1562582341800445,0.0,-8.828362356137632,-0.09025168810039759,320.0,9.723520054089303,-9.57782235141588,-3.5940790116755266,-9.597283708602742,2.1606703838537964,-1.8464306032175954,-0.092747706733644,-0.992534202337265,0.6212891176342964,0.0003173828125,0.0,-0.19507818706333638,0.6343410819768905,-0.9273338556289673,0.3261381134390831,-2.527184927263617,-3.583784004845731,0.03319593016058207,-0.8483178846297961,0.36763536632061006,4500.0,1782.0
1150.0,0.9223250947952222,2.282745960220743,3064842.0,0.76,0.41274585351347925,-21.532505343021338,-0.012654576497152448,0.0,0.68,-10.0633554264476,0.0,45,-10.150844083689478,0.1347393087287639,0.7848837209302325,-2.156707147856213,0.0,-8.804496766705244,-0.09101033098995685,860.0,9.862647163327214,-18.37226769024407,-3.571893451952993,-9.72006371249172,2.1619412667590323,-1.8172814033809117,-0.09436602126806974,-0.9923212200403213,0.6244314521551132,0.0001708984375,0.0,-0.19794515818357467,0.6415358081459999,-0.9307542234659195,0.3111430689692497,-1.9132888291224819,-3.5644100962003122,0.03413196504116058,-0.8503598292125389,0.37102620005607606,4600.0,1707.0
1175.0,1.980159941924769,2.556966112330805,3135693.0,0.0,0.41564160734415057,-16.320997455379743,-0.015862116613425313,0.0,0.48,-10.211961598137346,0.0,46,-10.233817734756675,0.08394338701805759,0.0,-2.3741932209862093,0.0,-8.584686920855543,-0.08926415834575892,675.0,10.226179472047187,-23.12093210970528,-3.7744534484731718,-10.054497848635165,2.4240168326880207,-1.841517404517799,-0.09659929350018501,-0.992690908908844,0.6276458874344826,0.0026123046875,0.0,-0.20033196173608303,0.648251649737358,-0.9301539599895478,0.3137746647000313,-4.276694612358735,-3.7740468810261816,0.03250728687271476,-0.84075463021436,0.3711598999798298,4700.0,2049.0
1200.0,1.0150551489507587,2.4217893193424667,3211428.0,0.28,0.4178055807948112,-21.78526203874461,-0.01297033354640007,0.0,0.33,-9.706330750709501,0.0,47,-9.800247293067459,0.04362558238034731,0.5967878275570583,-2.437416685443261,0.0,-8.738428855343496,-0.08430800661444664,1183.0,9.529000667664814,-17.42762994524883,-3.8588385753295436,-9.406037363654324,2.469461632357884,-1.8840526984793542,-0.09894509371370078,-0.9931972533464432,0.6338324278593064,0.0048095703125,0.0,-0.2027197763323784,0.6536441430449486,-0.9334374278783798,0.29937967881560323,-2.2611070873064185,-3.8672742684025065,0.030281924409791827,-0.8280317356242449,0.373335225880146,4800.0,2361.0
1225.0,0.9340340319129433,2.413463912238858,3272279.0,0.52,0.4204273037612438,-21.26041532402348,-0.010107161989435554,0.0,0.55,-9.889908610023557,0.0,48,-9.988626919958188,0.07738998482549317,0.7005395683453237,-2.53603060701936,0.0,-9.088424131513952,-0.08504566214978695,1112.0,9.702105778913118,-12.576556501770389,-3.9653481842711926,-9.590206594751503,2.593415445766376,-1.9029121849584043,-0.10065644569694995,-0.9932569265365601,0.6376965567469597,0.0051025390625,0.0,-0.20494173914194108,0.6582589358091354,-0.9331681117415428,0.3005603514611721,-2.957094639238498,-3.95937961555465,0.030019707791507245,-0.8305151815104181,0.37741918340325353,4900.0,1977.0
1250.0,0.8462706301699587,2.324869974177994,3325271.0,0.84,0.42275695204734803,-22.461450670548395,-0.008965812087990344,0.0,0.55,-9.644346275244413,0.0,49,-9.77070103170052,0.09496021220159151,0.2676056338028169,-2.4911740618564764,0.0,-10.252688173155327,-0.08742487449198962,213.0,9.46576757674173,-19.64045078626103,-3.9419138593443193,-9.347690840443615,2.5352521581620713,-1.9073587880811829,-0.10204364638775587,-0.99342060983181,0.6411685734987259,0.004833984375,0.0,-0.20824659280478955,0.6638123974204063,-0.9319050714373589,0.30609761998057367,-5.867363501094671,-3.9397909128720245,0.029300337517634036,-0.825238137665292,0.3813158608973026,5000.0,1885.0
1275.0,0.8680343440164447,2.3998110565376054,3377351.0,0.72,0.4260880820453167,-21.86038111234563,-0.007263864309061318,0.0,0.64,-9.615518341916683,0.0,50,-9.731054977489086,0.11908736783528102,0.2564102564102564,-2.5602778799556356,0.0,-9.336931520658302,-0.08955885004252195,312.0,9.438683295374009,-13.272500651558953,-4.002470836773414,-9.312203651061106,2.6169054207805598,-1.9296975541386927,-0.10359529703855515,-0.9933646202087403,0.644846896827221,0.006396484375,0.0,-0.21062738373875617,0.66776093095541,-0.9313677534461021,0.30845321118831637,-4.009651561713156,-4.002182799432608,0.02954644514247775,-0.8269191223531379,0.3840363726019859,5100.0,1797.0
1300.0,0.8701189064746468,2.3807910143362387,3430899.0,0.6,0.42933218404650686,-22.377892262618353,-0.0059809392900206145,0.0,0.63,-9.733854293456215,0.0,51,-9.841706636317546,0.10752688172043011,0.13550135501355012,-2.5023950517133557,0.0,-9.475492316233465,-0.09052508939057588,369.0,9.557624490319723,-15.925317748402824,-3.9568663200098286,-9.443440076739787,2.5314683218915994,-1.9409744107731968,-0.10557726509869099,-0.9932658538222313,0.648033544421196,0.00693359375,0.0,-0.2136243972927332,0.6718652307987213,-0.9301910012960434,0.3136121861636639,-5.617018558728025,-3.9589475410325776,0.029980488261207937,-0.8248922021448379,0.3879526123404503,5200.0,1767.0
1325.0,0.8724954112123562,2.450789125134096,3485636.0,0.6,0.43236714899539946,-21.663819222991624,-0.005741243588272482,0.0,0.58,-9.750470944555193,0.0,52,-9.847333205311022,0.11896929824561403,0.23697916666666666,-2.546618948421588,0.0,-9.28761204817854,-0.09264314770698548,384.0,9.551292193489749,-18.006661098348413,-4.013470365194965,-9.457277420152272,2.5926484405373826,-1.9667070707764651,-0.10770105831325054,-0.9933162346482277,0.6512317821383476,0.0064697265625,0.0,-0.21741598844528198,0.6762197554111481,-0.9295323058962822,0.31649999096989634,-8.9878257707175,-4.009042394126405,0.02975909006781876,-0.8224515704489022,0.39115693271160124,5300.0,1824.0
1350.0,0.8054546845988677,2.5107803527230113,3542556.0,0.8,0.4364451915025711,-21.844178891953085,-0.005388541228603572,0.0,0.52,-9.686523836110656,0.0,53,-9.788074366150676,0.13151485630784218,0.7831325301204819,-2.6260513099645975,0.0,-9.665528217377732,-0.0930912358686328,747.0,9.50332151400236,-12.193488114597534,-4.060384907329247,-9.397625140527023,2.6275543914675588,-1.9500141110103868,-0.10951707791537046,-0.9932389333844185,0.6543101102113724,0.0056396484375,0.0,-0.2199548900127411,0.6810505583882331,-0.9272254765033722,0.3266132242977619,-1.4887494753520327,-4.062964117549933,0.030098763993009925,-0.8212410505839216,0.39485731199383733,5400.0,2053.0
1375.0,0.9553038446370881,2.3981404686418553,3594274.0,0.56,0.4400970108807087,-21.545817376799675,-0.004342924617230892,0.0,0.67,-9.938145354546558,0.0,54,-10.031803131492762,0.1464264962231261,0.9176691729323309,-2.512597648712192,0.0,-9.12912424713316,-0.0945469994097948,2660.0,9.749046214495058,-5.909131977944109,-3.952649356811983,-9.629164533471496,2.546836370615375,-1.9188141590675514,-0.11076179035007953,-0.9926795586943626,0.6581737071275711,0.00078125,0.0,-0.22229757830500602,0.68634592294693,-0.9261537149548531,0.3313119664788246,-2.7902360871686986,-3.9501004719877586,0.032557117938995364,-0.8373309919472376,0.3988819994032383,5500.0,1721.0
1400.0,0.9332292754512947,2.2759787419343924,3640358.0,0.6,0.44364172369241717,-21.214875760141048,-0.003198166360380128,0.0,0.78,-9.916281787455816,0.0,55,-10.02542282329476,0.13675213675213677,0.8443860801050558,-2.370144527602956,0.0,-8.847923106291564,-0.09363235682249069,1523.0,9.727929691820437,-13.225958729579524,-3.8005736432370627,-9.604493011078464,2.4281148410399473,-1.8804564234589634,-0.11225616261363029,-0.9924540251493454,0.6611636057496071,0.0004150390625,0.0,-0.22459180280566216,0.6930234223604202,-0.9270261391997338,0.3274872176349163,-1.3442690409167588,-3.803727783963777,0.03354827449657023,-0.8389882475479681,0.4015954740345478,5600.0,1521.0
1425.0,0.8809234739497922,2.195712700044047,3689610.0,0.72,0.4476686105132103,-21.675197603194814,-0.0026438756322022527,0.0,0.71,-9.907225605175851,0.0,56,-10.031316568090144,0.13654851830331202,0.25886524822695034,-2.3054268730165903,0.0,-9.215241040878187,-0.0937694577500224,282.0,9.731895211861026,-11.582329236281378,-3.7160826016292803,-9.60224372098872,2.3439284161074108,-1.8501697225765383,-0.11424635201692582,-0.9925292953848839,0.6641957625746727,0.0001220703125,0.0,-0.22760050892829894,0.7006650894880295,-0.9252173662185669,0.33541690856218337,-3.2028421860295366,-3.7135129655726034,0.03321751081384718,-0.8386108396625787,0.4059101305902004,5700.0,1721.0
1450.0,0.8824037180033333,2.3446902659974134,3741812.0,0.6,0.45206706747412684,-21.59423065164426,-0.0014649445482064038,0.0,0.71,-9.950570777788462,0.0,57,-10.055237563352765,0.149032992036405,0.6585956416464891,-2.3851898485196337,0.0,-9.003728140504299,-0.09397525619715452,826.0,9.759969180763807,-14.087428335232707,-3.8152693450969215,-9.643633470810013,2.428911540988916,-1.8901818136888324,-0.11589134968817234,-0.9926700532436371,0.6673555806279182,0.00048828125,0.0,-0.2305917676538229,0.707384106516838,-0.9250169485807419,0.33629558980464935,-10.664813038321673,-3.8220275952325844,0.03259887113235891,-0.8362642301151937,0.4103603482246399,5800.0,1758.0
1475.0,0.8752193827066609,2.256246491601558,3788626.0,0.8,0.456815155595541,-21.57415659278401,-0.0007585494007798843,0.0,0.69,-9.880093464186487,0.0,58,-9.999775248284706,0.12980769230769232,0.24782608695652175,-2.2117092374184226,0.0,-8.910516823843436,-0.09659093767404556,230.0,9.690065571295726,-12.455080873654511,-3.6415416323181717,-9.56184450623471,2.2717424979360508,-1.8402758758558775,-0.1177935715764761,-0.9927411705255509,0.6702396109700203,0.0003173828125,0.0,-0.23374028243124484,0.7131718695163727,-0.9262304708361626,0.3309754699468613,-4.859212259046264,-3.646435415295329,0.032286332361400126,-0.8383749830318266,0.41367768347263334,5900.0,1664.0
1500.0,0.8466824795301845,2.143746104222965,3841518.0,0.68,0.46050046384334564,-21.744032993378227,-0.0011021812722901813,0.0,0.67,-9.843613942370514,0.0,59,-9.920667872181289,0.13724405091311567,0.8459363957597174,-2.3061326301770633,0.0,-8.954665147520005,-0.09581367820501327,1415.0,9.647774707992562,-15.54940020944136,-3.7017471894228535,-9.51813016943888,2.3522034449604536,-1.8250867424489114,-0.11905173491686583,-0.9929111555218697,0.6736530587077141,0.0007080078125,0.0,-0.23678743951022624,0.7186275199055672,-0.9259059011936188,0.3323983572423458,-1.5864441371831313,-3.712514632684429,0.03153929486870766,-0.8360307744529564,0.4163507379591465,6000.0,1807.0
1525.0,0.8301590763226596,2.1922011841100266,3893062.0,0.56,0.4647866152226925,-21.215716206585416,-0.00019527819641211862,0.0,0.66,-9.844644623793851,0.0,60,-9.957594367114321,0.15402567094515754,0.71648987463838,-2.3475123493954313,0.0,-8.831263529734722,-0.09738021790981292,1037.0,9.660073993597466,-11.43502812447647,-3.7313833228133504,-9.524196040346434,2.3949917022984155,-1.8286219178669854,-0.12022852189838887,-0.9929597407579422,0.6762505441904068,0.00068359375,0.0,-0.23997930139303209,0.7241014584898948,-0.9274830937385559,0.3254838600754738,-1.869734298121167,-3.738925078316311,0.03132577715441585,-0.8369950077307294,0.4203920722007751,6100.0,1714.0
1550.0,0.8450384812247084,2.0009651372870194,3942717.0,0.68,0.4688150674104691,-22.441586902051725,0.0004582167654007208,0.0,0.63,-9.746942410653263,0.0,61,-9.853516497080648,0.12706855791962174,0.1830065359477124,-2.2297521881731606,0.0,-9.51364500999105,-0.09828692059963942,306.0,9.571495695384305,-20.649800204155643,-3.5900990687043945,-9.436781260805228,2.255452669834132,-1.7746535801357823,-0.12282844372093678,-0.9930679440498352,0.6793927237391472,0.000634765625,0.0,-0.24288365803658962,0.7298135876655578,-0.9282133996486663,0.32228210419416425,-5.585030957344288,-3.5856490319665797,0.030850233929231762,-0.83380204014029,0.4234855815768242,6200.0,1692.0
1575.0,0.8308274695795145,1.9914830774205363,3987441.0,0.88,0.4726862445473671,-21.927503244503708,0.00020046052104589763,0.0,0.66,-9.839356326859669,0.0,62,-9.931074639172516,0.14156626506024098,0.8203703703703704,-2.2318885163802045,0.0,-9.266877656391403,-0.09743943624198437,540.0,9.649555718340661,-14.653851215587364,-3.59436847638442,-9.520392930788242,2.2551010451827063,-1.7951566052230192,-0.1258631583303213,-0.99311183989048,0.6830422088503838,0.0007568359375,0.0,-0.2465576369315386,0.7352424025535583,-0.9259333357214927,0.33227812573313714,-9.35099140517248,-3.593738020030126,0.030657331040129066,-0.8344099243549863,0.426837133616209,6300.0,1660.0
1600.0,0.8522594017972762,2.2273647687057396,4038604.0,0.64,0.47633477076888087,-21.848788522820957,-0.00013367667943384732,0.0,0.64,-9.97083421074343,0.0,63,-10.105982224561131,0.13555427914991383,0.16981132075471697,-2.369281173413952,0.0,-8.969567100275414,-0.09925266094505787,318.0,9.779868515477409,-17.878239993212524,-3.707207012177296,-9.65288199511879,2.3729057849551927,-1.8012914053884743,-0.12791411206126213,-0.9932695925235748,0.6856766983866691,0.0006103515625,0.0,-0.24938239082694053,0.7412536442279816,-0.9236033201217652,0.3424930237233639,-8.782067838293356,-3.707268393935517,0.02996405684389174,-0.8341470011335332,0.4297743678092957,6400.0,1741.0
1625.0,0.8507020586344245,2.0646203603302036,4082044.0,0.72,0.4797633163630962,-20.869454136031464,-0.0005751725642767269,0.0,0.75,-9.834426064562221,0.0,64,-9.940006733618953,0.1494329553035357,0.8926553672316384,-2.2687966544562466,0.0,-8.820947291441758,-0.0985222265124321,1593.0,9.645787747110345,-14.873421304285918,-3.6161640547349476,-9.51917479675814,2.2943251586658944,-1.7736758676132012,-0.12924617528915405,-0.9931931287050247,0.6883353844285012,0.0006103515625,0.0,-0.2523727394640446,0.7468591198325157,-0.9253790780901909,0.3347079873085022,-1.4478159399770016,-3.61534744334118,0.030300124501809477,-0.8323875751928427,0.4331329889595509,6500.0,1499.0
1650.0,0.8890794542605139,2.1315070813834134,4129443.0,0.64,0.4819521866738796,-21.567327641646546,-0.00016572508648096118,0.0,0.7,-9.830464746108596,0.0,65,-9.92214366140191,0.12555768005098789,0.7323498419388831,-2.3381814145430404,0.0,-9.394161261930972,-0.09955336395651102,949.0,9.641495624271844,-17.437697153187226,-3.6823547852963285,-9.518912273104585,2.3388109796337684,-1.7899615047914268,-0.13056462369859217,-0.9929299414157867,0.6915457233786583,0.0005126953125,0.0,-0.25507236272096634,0.7522484987974167,-0.9241856977343559,0.3399398155510426,-2.357667561281269,-3.6846237267424238,0.031456731958314776,-0.8346729802025947,0.436011965572834,6600.0,1569.0
1675.0,0.8980356909881564,1.957063520878501,4179156.0,0.76,0.48553560972213744,-21.809299072616614,0.0005225855275057256,0.0,0.63,-9.994921205513142,0.0,66,-10.08363763014302,0.13693181818181818,0.8084862385321101,-2.3959860310968972,0.0,-9.301745293845862,-0.10074882265180349,872.0,9.809336476180174,-15.107612395498787,-3.741615344303136,-9.681807360357201,2.408331060792027,-1.819564533153607,-0.13214196749031543,-0.9929267972707748,0.6943713128566742,0.000634765625,0.0,-0.2572054825723171,0.7557733550667762,-0.9226007506251335,0.34688838571310043,-2.5178740349568485,-3.738273362997475,0.031470569083467126,-0.8349155462579801,0.4395540677011013,6700.0,1760.0
1700.0,0.8346599104195483,2.2500735051718896,4230732.0,0.56,0.4894475370645523,-21.730823470828636,0.00037228193032206035,0.0,0.66,-9.984097435821884,0.0,67,-10.08959881468637,0.12853773584905662,0.8245501285347043,-2.4421831463195725,0.0,-9.273569954567748,-0.1001934776082635,1556.0,9.797597285365416,-15.25583846842146,-3.7786580422766933,-9.67035047404072,2.439446211329355,-1.8271005322800193,-0.13415309451520444,-0.9929171577095985,0.6972158178687096,0.0003173828125,0.0,-0.26005821377038957,0.7593659535050392,-0.9212176665663719,0.3529518932104111,-5.602774152201204,-3.7687641270880037,0.03151297075673938,-0.8363633592249243,0.44251665100455284,6800.0,1696.0
1725.0,0.8859266553612075,2.06862038385725,4282107.0,0.72,0.49411874637007713,-22.067763245587408,2.5652027034084313e-05,0.0,0.58,-9.902354074992624,0.0,68,-10.021121234660349,0.11488398415393322,0.9508259700345755,-2.4075047084237458,0.0,-9.252139953931115,-0.09994023647159338,2603.0,9.716359261946582,-11.22550479358494,-3.7365252727369667,-9.591989053550517,2.4112568890443127,-1.8009702215917058,-0.13587568663060665,-0.9928350776433945,0.7002675086259842,0.0004150390625,0.0,-0.2625291384756565,0.7639820069074631,-0.919567409157753,0.36018677726387976,-2.9494117903536927,-3.7338674651248622,0.031873656809329985,-0.836773983979947,0.4460259735584259,6900.0,1767.0
1750.0,0.9007654375743307,2.1279428441119803,4333953.0,0.48,0.4980441741645336,-21.38149983721371,0.0006945311237359419,0.0,0.71,-9.939007430354632,0.0,69,-10.046207239364705,0.1407095610342754,0.839647119875454,-2.393193523163174,0.0,-8.931289776727684,-0.10166096296161413,1927.0,9.754543369955092,-15.781522266755461,-3.76546937328756,-9.622000779366923,2.4157759211396854,-1.837894576727558,-0.13773166872560977,-0.9928765445947647,0.7028632223606109,0.000390625,0.0,-0.2659295678138733,0.7698727861046791,-0.919880947470665,0.35881214365363123,-1.7814982673644462,-3.7610353062138264,0.0316914192866534,-0.8389309477744973,0.4498722903430462,7000.0,1663.0
1775.0,0.869873078813075,2.19971142336766,4383646.0,0.52,0.5007207483053208,-21.222982258657172,0.00029932963807368653,0.0,0.72,-10.082770724250903,0.0,70,-10.181579325641913,0.1300251256281407,0.125,-2.3843056454768017,0.0,-8.880423203732732,-0.10164869744330644,400.0,9.889079462675207,-14.1806374905524,-3.7637410720070874,-9.75588824061297,2.3963637904222357,-1.8711959363565256,-0.13893865533173083,-0.9928008243441582,0.7058849215507508,0.0005126953125,0.0,-0.268923906236887,0.7747956708073616,-0.918490506708622,0.36490794345736505,-5.525951187774485,-3.7649712530266326,0.03202423141337931,-0.8428969898195646,0.4529065445065498,7100.0,1592.0
1800.0,0.9370170475221122,1.9450730672252867,4429353.0,0.84,0.50463947057724,-22.359342024095067,-0.0004869253680226393,0.0,0.69,-10.1837077271163,0.0,71,-10.267538773539458,0.11131498470948012,0.9120795107033639,-2.3475589290163943,0.0,-9.474475733757815,-0.10075340364128352,1308.0,9.978322723420208,-13.667918315108862,-3.6998095666452215,-9.854110623913893,2.355841482642833,-1.816754996322561,-0.1400784771889448,-0.9927291259169578,0.709290899336338,0.0005126953125,0.0,-0.27182096168398856,0.7800367385149002,-0.9191056907176971,0.362210888415575,-3.7828723120193124,-3.694040775259478,0.03233926179818809,-0.8452415199106327,0.4560477390885353,7200.0,1635.0
1825.0,0.9017076044919528,2.016512588733424,4477326.0,0.6,0.5086096420884132,-21.883763030623193,-0.00042586928539094514,0.0,0.74,-10.051924731513889,0.0,72,-10.168138369168187,0.11139401654996817,0.4763636363636364,-2.3786339295986663,0.0,-9.424580324601408,-0.10173453576862812,550.0,9.86901554774459,-14.658316170060244,-3.7233466012912,-9.728999722224088,2.3795425475366985,-1.8248801643887418,-0.1418497983366251,-0.9927358582615853,0.7121332660317421,0.00029296875,0.0,-0.2745725281536579,0.7854025781154632,-0.9178755551576614,0.3676038756966591,-8.849500950627453,-3.724066745399527,0.03230973067693412,-0.8442927313226392,0.4590755499899387,7300.0,1571.0
1850.0,0.8747442103827613,1.8950952130070924,4523887.0,0.68,0.5117153793573379,-22.206187202050376,-0.0007104928634362295,0.0,0.69,-10.091136126906108,0.0,73,-10.199534640621303,0.11647361647361647,0.8150912106135987,-2.347555238472031,0.0,-9.409997120269313,-0.10296662002801896,1206.0,9.88713261914451,-15.751206643979456,-3.715668505661486,-9.760534153222697,2.3506525841348997,-1.8215950120844355,-0.14302468709647656,-0.9927472352981568,0.7151607587933541,0.00048828125,0.0,-0.2777895465493202,0.7903451949357987,-0.9187271356582641,0.3638705417513847,-10.541615667440556,-3.7127153482191106,0.03225974100641906,-0.8426748832462181,0.462266356498003,7400.0,1554.0
1875.0,0.8258732658778236,1.9760578148758803,4568731.0,0.88,0.5150177374482154,-21.93299769607886,-0.00024021212957450188,0.0,0.68,-9.925709230659098,0.0,74,-10.013722797785652,0.13682941531042797,0.35195530726256985,-2.3752207270313463,0.0,-9.477195520082065,-0.1033645074814558,179.0,9.732805878768186,-16.324659721324597,-3.717640361633434,-9.604239231258267,2.384350373007191,-1.8094386183169262,-0.1443808637559414,-0.9928713545203209,0.7184734389185905,0.000341796875,0.0,-0.2814558111131191,0.7949033841490746,-0.9183889463543892,0.36535312086343763,-6.726423030061315,-3.7063016106184947,0.03171421592123806,-0.8405152682396875,0.4653997339308262,7500.0,1659.0
1900.0,0.8387361548706724,1.9306385554843835,4618684.0,0.6,0.517795878648758,-22.65043765822754,0.0009276998898712918,0.0,0.62,-10.20089012297235,0.0,75,-10.307946246004411,0.11090798293723339,0.15056818181818182,-2.330611990658993,0.0,-9.850810593474367,-0.1026695778593421,352.0,10.011064343769377,-18.780110232904256,-3.655933506324138,-9.88686198073534,2.3347398307982266,-1.7979283990986006,-0.14553687497973442,-0.9928758382797241,0.7215937539935112,0.0005126953125,0.0,-0.2854284726083279,0.8008437007665634,-0.9154368743300438,0.37829522117972375,-8.017840924958422,-3.6505724538984134,0.0316945911385119,-0.839736250826536,0.4685559533536434,7600.0,1641.0
1925.0,0.854043071135907,1.9163879887714959,4665426.0,0.76,0.5218440651893616,-22.837608322771562,0.0003995890867372509,0.0,0.65,-9.979148956521595,0.0,76,-10.09033868251382,0.10421836228287841,0.1673469387755102,-2.300305452900136,0.0,-10.324360801971315,-0.10340409725904465,245.0,9.781606839142775,-20.077743052942893,-3.636540611418808,-9.664879764346358,2.2934509536706087,-1.7983657723372743,-0.14765252806246282,-0.9929616630077363,0.725130146741867,0.0001953125,0.0,-0.2881766200065613,0.8061560854315758,-0.9164092674851417,0.37403216361999514,-6.251364910151035,-3.6296918955528654,0.0313173973467201,-0.8370814101857832,0.47099960744380953,7700.0,1612.0
1950.0,0.8824958115953685,1.8228663412651946,4711286.0,0.76,0.5259108617901802,-21.18411301754565,0.0003025878580956487,0.0,0.72,-10.259855349173998,0.0,77,-10.35871204608101,0.1417956656346749,0.9038461538461539,-2.3000854346826842,0.0,-9.005778703333746,-0.10346211101859808,1508.0,10.073128671678504,-15.920281679932712,-3.6095175488343516,-9.943605748358621,2.2961095151233395,-1.771318691077613,-0.14931393675506116,-0.9929340198636055,0.7284856483340263,0.0002197265625,0.0,-0.2919973857700825,0.8108845844864845,-0.9137067213654518,0.3858803533017635,-1.3914707914069502,-3.5996230136999996,0.031438820995390415,-0.8422311701418949,0.4737434186041355,7800.0,1615.0
1975.0,0.8910494262735963,1.9402478389305933,4759904.0,0.6,0.528362886607647,-22.67441461460715,0.0003046636360522825,0.0,0.67,-10.320553027202374,0.0,78,-10.413249455779805,0.10433689503456946,0.6630824372759857,-2.444922995094234,0.0,-9.752538093347411,-0.10276345871388912,837.0,10.130157655766993,-22.67469362044052,-3.7482997717898443,-10.015788851197103,2.4464032012126933,-1.8121492337377276,-0.15075970478355885,-0.9929693162441253,0.7316283971071244,0.000341796875,0.0,-0.2950249776244164,0.8155497193336487,-0.9118472963571549,0.3940321758389473,-11.454954182936065,-3.744339323066778,0.03128369310870767,-0.8400027254429006,0.4769516192376614,7900.0,1591.0
2000.0,0.9413974154646791,1.8795511386052666,4809804.0,0.64,0.5320480734109878,-21.97768211073898,0.00011006829556663434,0.0,0.69,-10.259616215029114,0.0,79,-10.377332371842352,0.1251497005988024,0.7326315789473684,-2.3956203553649735,0.0,-9.237301163052425,-0.1045139417052269,950.0,10.089907844675114,-19.689392709386606,-3.7134514206373206,-9.967422448024621,2.393058191495297,-1.8109357639441441,-0.15205611772835254,-0.9931296095252037,0.7344185888767243,0.0002685546875,0.0,-0.29841553047299385,0.8211066082119942,-0.9125453606247902,0.3909718431532383,-2.99161770715894,-3.708785834969377,0.030579249653965235,-0.8376414638485585,0.48025406822562217,8000.0,1670.0
2025.0,0.8592390917100623,1.8752728321816954,4854364.0,0.6,0.5360330060124397,-21.563675150807537,-0.0006012569472659379,0.0,0.75,-10.099861279209199,0.0,80,-10.202650665839647,0.12058212058212059,0.5889212827988338,-2.3710961114799325,0.0,-9.052136713396804,-0.10642493981868029,686.0,9.920954105119318,-17.48301624087211,-3.6788874190162533,-9.79691437774079,2.382848390780837,-1.8020233295144863,-0.15371445268392564,-0.9929966121912003,0.7367905825376511,0.0001708984375,0.0,-0.3014401994645596,0.8258139878511429,-0.9121032997965812,0.3929098255932331,-10.561936728107424,-3.677688026464387,0.031163750542327763,-0.8370134417105873,0.4832284614443779,8100.0,1443.0
2050.0,0.8521105063802832,1.8858781150274164,4899131.0,0.92,0.5397445529699325,-22.614957122660172,-0.0013949070271337405,0.0,0.65,-10.215636182369272,0.0,81,-10.31380492615612,0.09254658385093167,0.445,-2.421008053573352,0.0,-9.765204280241704,-0.10549528263509274,200.0,10.0376191587193,-15.379219123628163,-3.745867715477624,-9.910852508492907,2.4303975179618313,-1.8413665431711705,-0.15465719290077687,-0.9929712221026421,0.7394641920924186,0.0001708984375,0.0,-0.3047306090593338,0.8314104303717613,-0.9103453859686852,0.40061662197113035,-6.679924192866087,-3.7411907660909636,0.03127535693347454,-0.8363781855754496,0.485989398509264,8200.0,1610.0
2075.0,0.841831743956466,1.8877693334473293,4941961.0,0.76,0.542020796239376,-22.023716061888862,-0.0015879900485742838,0.0,0.76,-10.114374490803673,0.0,82,-10.233084657591338,0.09979494190020506,0.744475138121547,-2.3918929675817777,0.0,-9.122431223816095,-0.10594102200120688,724.0,9.933711489469818,-14.51208826363886,-3.714153999192839,-9.807025446055386,2.40156061112902,-1.8360479864117223,-0.15570571050047874,-0.993201294541359,0.7421992659568787,0.0001708984375,0.0,-0.30820527374744416,0.8372510582208633,-0.9121838599443436,0.39255666062235833,-6.940653272973847,-3.7097054552941175,0.03026422318071127,-0.8349307223339565,0.4890082634985447,8300.0,1463.0
2100.0,0.8494737457424911,2.118795048880183,4984100.0,0.88,0.5452937602996826,-21.706037262381493,-0.0018239382305182516,0.0,0.74,-10.169853672115718,0.0,83,-10.280530091000491,0.1306366047745358,0.9041218637992832,-2.3857364185793157,0.0,-9.19044953628343,-0.10450751334428787,1116.0,10.000379013448377,-12.795661969966423,-3.6956346355972656,-9.87311460584697,2.395084780977936,-1.809372785272717,-0.15703325010836125,-0.993273264169693,0.7449363961815834,0.0001708984375,0.0,-0.31204622983932495,0.8424070164561271,-0.9122758433222771,0.3921533919870853,-9.765004067521097,-3.6845783012309057,0.029947922704741357,-0.8344906337835709,0.491427705436945,8400.0,1508.0
2125.0,0.8716001269267366,1.9662904807410009,5023040.0,0.92,0.5493745595216751,-21.429044568843377,-0.0020439417799934744,0.0,0.79,-10.114009169624774,0.0,84,-10.22311445403961,0.1224632610216935,0.33986928104575165,-2.332871126997013,0.0,-8.883229526782154,-0.10501099564135075,153.0,9.932184607895072,-17.768427400410093,-3.6602582247019884,-9.80698239778243,2.356799018009305,-1.7993875547668723,-0.15895018503069877,-0.9931171983480453,0.7474428847432136,0.0002197265625,0.0,-0.31501092612743375,0.8475840240716934,-0.9132038190960884,0.3880850926041603,-5.104888633309045,-3.6563442736336995,0.030633790558204053,-0.8405405319943384,0.49468776807188986,8500.0,1429.0
2150.0,0.8402282818130953,1.894883516152845,5059852.0,0.92,0.5534281969070435,-20.81339049582297,-0.0023849766119383277,0.0,0.81,-10.30059829494562,0.0,85,-10.399607985590565,0.15728715728715728,0.47928994082840237,-2.2500064725833817,0.0,-8.520344401139424,-0.10605110619217158,169.0,10.103050362114281,-14.298410554275549,-3.60242279957264,-9.979641147182543,2.267313610187487,-1.8155086166188994,-0.16084781773388385,-0.993003997206688,0.750478558242321,0.0002685546875,0.0,-0.31973445490002633,0.8546486139297486,-0.9138785570859909,0.38512696847319605,-4.61292081904157,-3.598501805816549,0.031131263868883253,-0.8446465320172137,0.49837080389261246,8600.0,1386.0
2175.0,0.8686334318232142,1.9676775586074036,5105011.0,0.84,0.5571574285626412,-21.949522567001647,-0.002171097480459139,0.0,0.7,-10.26171155390074,0.0,86,-10.378594752147857,0.14638665843113033,0.7069672131147541,-2.2855154073316215,0.0,-9.365851555850329,-0.10678293537348509,488.0,10.080762531051764,-16.2827262575032,-3.6195385481027955,-9.946221228320727,2.2898264302401774,-1.8027277470180707,-0.1621706925332546,-0.9932628914713859,0.7539671331644058,0.0002197265625,0.0,-0.3228331983089447,0.8590367898344994,-0.9119496360421181,0.3935835286974907,-3.2480982664798965,-3.6201213293271324,0.029993547778576612,-0.8424444272808614,0.5027149632573128,8700.0,1619.0
2200.0,0.8282456843836451,1.877893544999178,5145342.0,0.88,0.5606495842337609,-22.42478917160255,-0.002454668818973005,0.0,0.76,-10.255873625516,0.0,87,-10.360139307206286,0.11744266851980542,0.8335607094133697,-2.193381796292727,0.0,-9.44889603734528,-0.10803191978484392,733.0,10.048010336995738,-12.746679456602282,-3.5925514834342778,-9.932369175367883,2.1928431397848387,-1.8550590821207151,-0.163858887180686,-0.9933610126376152,0.7569608077406883,0.0001708984375,0.0,-0.32517115995287893,0.8626810565590859,-0.9118759781122208,0.3939064420759678,-1.432357845035296,-3.5888005668521066,0.02956224591471255,-0.8440193752918276,0.5054278954863548,8800.0,1439.0
2225.0,0.9051453324120411,1.7694367938435733,5191455.0,0.8,0.5643368691205979,-22.06527356650631,-0.0018380477034952492,0.0,0.69,-10.324205941604045,0.0,88,-10.408856067179693,0.11928306551297899,0.2052401746724891,-2.267677018109076,0.0,-9.489609603146189,-0.1080362431704998,229.0,10.132822393281844,-16.491413020683577,-3.6477620115419285,-9.99341594452218,2.2938254490462064,-1.8357190851595078,-0.16551261506974696,-0.9932590529322625,0.7596266031265259,0.000244140625,0.0,-0.3282866768538952,0.8665412113070488,-0.9114284068346024,0.39586861431598663,-7.045816917016667,-3.639357557190807,0.030010323971509933,-0.845848280381324,0.509405942261219,8900.0,1618.0
2250.0,0.9265870703295537,1.9250626447840293,5235108.0,0.72,0.568396782875061,-21.693984662893453,-0.001220502587966621,0.0,0.78,-10.234463328027413,0.0,89,-10.338920347880645,0.11594202898550725,0.8713561470215463,-2.2701791621083083,0.0,-9.084388943648978,-0.10867581050843,1578.0,10.02838060560235,-10.749782704648387,-3.6353386351666344,-9.90786012605383,2.264914908039289,-1.8192951960758363,-0.16759903281927108,-0.9933547645807266,0.7618476942181587,0.000244140625,0.0,-0.3311875149607658,0.8701651126146317,-0.9143716514110565,0.3829652816057205,-0.9364174493266598,-3.6383506381611914,0.029589692084118723,-0.847019182593067,0.5124607011675835,9000.0,1449.0
2275.0,0.8422718996017251,2.0177970873557407,5279327.0,1.0,0.5709068924188614,-21.792321463055853,-0.0014666363917058335,0.0,0.72,-10.112869448923755,0.0,90,-10.208427722476099,0.1257413997627521,0.36666666666666664,-2.234265347843854,0.0,-9.069749616145918,-0.10872007738798857,90.0,9.902400355761241,-11.451591649788813,-3.6271346420924004,-9.783250396021295,2.245434282123786,-1.836342300526303,-0.16859088614583015,-0.9933075353503227,0.7647175952792168,0.0003173828125,0.0,-0.33447340950369836,0.8737504377961158,-0.9126015976071358,0.3907252810895443,-2.132014373936417,-3.62629211120137,0.029797294409945607,-0.8475815012621751,0.5155546635389328,9100.0,1686.0
2300.0,0.8913129030747207,1.8175388481799424,5324703.0,0.8,0.5736877620220184,-22.16218544264145,-0.0006592466059373691,0.0,0.7,-10.32051713987704,0.0,91,-10.407160141575966,0.11223203026481715,0.2754237288135593,-2.2272525539104553,0.0,-9.837161118839903,-0.10889503881335258,236.0,10.122094684403837,-11.976450965655966,-3.5674906201809313,-9.990806352209422,2.2491690474403496,-1.797626050421968,-0.170165578648448,-0.9932533666491509,0.767017263174057,0.0004638671875,0.0,-0.33734514340758326,0.87809107452631,-0.9117071807384491,0.3946464523673058,-5.117308784031863,-3.5658194808733183,0.030035301763564348,-0.8501178993654321,0.5188274085521698,9200.0,1586.0
2325.0,0.8833070459303516,1.9446353249443056,5369151.0,0.84,0.5758921384811402,-21.25537532883695,-0.0007181665147072636,0.0,0.72,-10.363369270291528,0.0,92,-10.460103775614972,0.12756689483509645,0.7862068965517242,-2.2090421834060536,0.0,-9.199096839579704,-0.10910378620028496,580.0,10.170638381166857,-13.411413524647267,-3.6151474170018334,-10.034395744366732,2.2060404730782004,-1.839209649545228,-0.17152688689529896,-0.9931530401110649,0.7701064676046372,0.0001708984375,0.0,-0.3412413753569126,0.8829302325844764,-0.9118665635585785,0.39394769743084906,-6.6014881798458696,-3.609841602360401,0.030476232850924136,-0.8516790630150354,0.521532067656517,9300.0,1607.0
2350.0,0.8474371207284352,2.2677505011547865,5417305.0,0.76,0.5778673931956291,-22.068047980774153,-0.0008555133579648099,0.0,0.68,-10.184494711171533,0.0,93,-10.276645011613267,0.11667648791985857,0.8285714285714286,-2.3350881663162,0.0,-9.586495825346217,-0.1102449456229806,910.0,9.979324116819459,-15.474055083432278,-3.6882251085459563,-9.854518563837733,2.3391434826878927,-1.8157415658621177,-0.1730195116251707,-0.9933372646570205,0.7725711032748223,0.000244140625,0.0,-0.34433070495724677,0.8880187302827836,-0.9105358570814133,0.39978157430887223,-2.390999570879529,-3.69081350019304,0.029666689364239572,-0.8477916726616967,0.5238763451576233,9400.0,1697.0
2375.0,0.8492249702672698,1.9690847052188531,5464610.0,0.88,0.5786300390958786,-22.062693278657488,-0.0009030382570927031,0.0,0.68,-10.192112737625717,0.0,94,-10.29700225284586,0.12304120719674985,0.4075829383886256,-2.3128822391085215,0.0,-9.574918312206666,-0.11180126424878836,211.0,9.99920923425454,-17.91992829679914,-3.6668983488150966,-9.869904204125124,2.31122311698197,-1.8176157622350728,-0.1737058449536562,-0.9933024302124978,0.7754589155316353,0.0003173828125,0.0,-0.3466029897332191,0.8922253429889679,-0.9096944108605385,0.4034705363214016,-6.702930727681191,-3.665994260262212,0.029819689970463515,-0.8450398905042675,0.5270484864711762,9500.0,1723.0
2400.0,0.8732933208539417,2.186348762165534,5512980.0,0.88,0.5813631132245064,-22.563529137057426,2.1287754088916698e-05,0.0,0.65,-10.285992050165941,0.0,95,-10.392535887284135,0.10352673492605233,0.3442622950819672,-2.3789689098168822,0.0,-9.619713950434706,-0.11330807078629732,183.0,10.084686233406185,-18.75971170444047,-3.760261636237297,-9.975292295568016,2.3882752662718874,-1.8773408930050208,-0.17502810321748258,-0.9933154255151748,0.778813561797142,0.000341796875,0.0,-0.3486707732081413,0.8964244589209557,-0.9085636213421822,0.408428019285202,-6.123426734745158,-3.7577640987704584,0.02976261414587498,-0.8436669898459513,0.5303723827004433,9600.0,1758.0
2425.0,0.8714320943590212,2.070961702526356,5555977.0,0.88,0.5833291441202164,-22.048783193127193,-0.0007551477334345691,0.0,0.74,-10.325802866769148,0.0,96,-10.417071320646427,0.11753371868978806,0.35106382978723405,-2.356753179315402,0.0,-9.209805549118672,-0.11264676321297884,188.0,10.146115626155568,-18.315248069194844,-3.7503752520848628,-10.014184838110895,2.3433048612970757,-1.8709047237141931,-0.17623332738876343,-0.9933649227023125,0.7814087122678757,0.0003173828125,0.0,-0.35185239017009734,0.9005323395133018,-0.9085819140076637,0.4083478473126888,-5.056149192835883,-3.746202457914206,0.029545060871168972,-0.8439236744212394,0.5332750901579857,9700.0,1557.0
2450.0,0.9207650135216273,2.0595289297660764,5601424.0,0.72,0.5858330130577087,-21.517948004070988,-0.0006810353603214026,0.0,0.77,-10.364786018554616,0.0,97,-10.457270658564529,0.12841703750794659,0.29276315789473684,-2.3707740878400556,0.0,-8.939510803645236,-0.11384601015597581,304.0,10.176007629425243,-19.75806212528808,-3.7194902461685246,-10.048168620767592,2.348031453767807,-1.8410289827974338,-0.1765454813838005,-0.9933026120066643,0.7844552978873253,0.0003662109375,0.0,-0.3554781384766102,0.9053078889846802,-0.9095970287919044,0.4038974970579147,-7.388715414960293,-3.7232522614603227,0.029818883864209056,-0.8462728923710529,0.5363222837448121,9800.0,1573.0
2475.0,0.9010379994577203,2.0911824970679658,5643918.0,0.84,0.5879777655005455,-22.612662450592104,-0.0009841777398833073,0.0,0.72,-10.294553022532742,0.0,98,-10.374409511235822,0.10292164674634795,0.24489795918367346,-2.4881792843506902,0.0,-9.543960159113091,-0.11283049434423446,196.0,10.092298668941595,-13.964659773495496,-3.803440173975298,-9.977025694025501,2.4733029806775795,-1.825674610666465,-0.17772413827478886,-0.9933806210756302,0.7870356515049934,0.000634765625,0.0,-0.35913432389497757,0.9092452108860016,-0.9084048941731453,0.4091239243745804,-6.00591388066584,-3.8051984901248317,0.02947609364055097,-0.8442366965624387,0.5393125385046005,9900.0,1506.0
2500.0,0.8722183905962669,2.1575252524233672,5689961.0,0.68,0.590215477347374,-21.93785369814755,-0.00021004798616672816,0.0,0.71,-10.368619072662502,0.0,99,-10.458989718854744,0.12201420271142673,0.758695652173913,-2.5544565992871897,0.0,-9.394901764375696,-0.11342813540250063,920.0,10.18612508289176,-16.31323068566697,-3.87728944851989,-10.056718964029141,2.528990966145301,-1.866185774125188,-0.17810557149350642,-0.9933997735381126,0.7890055164694786,0.000634765625,0.0,-0.3611008532345295,0.9130520418286323,-0.9103988811373711,0.40038207471370696,-2.6085093926238216,-3.8744601423293843,0.02939192377962172,-0.8396442218734592,0.5425860017538071,10000.0,1549.0
