train_0/current_q,train_0/target_q,test/episodes,train_1/q_grads,train_1/q_grads_std,train_1/current_q,test_1/avg_q,train_0/avg_q,train/episodes,test_1/n_subgoals,train_0/reward,train_1/q_loss,policy/steps,train_1/reward,train_1/avg_q,train_0/reward_-1.0_frac,train_0/mu_loss,train_0/mu_grads,train_1/reward_-27.0_frac,test/success_rate,train_1/fw_bonus,train_1/target_q,train/success_rate,train_0/q_grads_std,train_1/mu_grads_std,train_0/q_loss,train_0/q_grads,train_1/subgoal_succ_rate,test_0/avg_q,train_1/mu_loss,train_0/fw_loss,train_0/next_q,train_1/reward_-0.0_frac,test_1/subgoal_succ_rate,train_0/reward_-0.0_frac,epoch,train_1/mu_grads,train_1/next_q,train_1/reward_-1.0_frac,train_1/n_subgoals,train_0/fw_bonus,train_0/mu_grads_std,train_1/fw_loss
-7.716040754180142,-7.8060061942553105,25.0,0.01800180240534246,0.10810889322310686,-5.257300016496363,-5.296244643917149,-11.462042534944628,100.0,675.0,-0.8568487939905026,0.7556989310527442,91103.0,-1.5473630735446933,-4.154072437178086,2.44140625e-05,7.5801578872336135,-0.0068588001769967375,0.0,0.0,-0.9895504876971245,-5.233741510098223,0.0,0.1041764035820961,0.16178482621908188,0.22443339657465203,0.015158360893838107,0.00037037037037037035,-24.236548718647093,3.326637398907809,0.02920060884207487,-7.573127711639179,0.0,0.0,0.0,0,-0.01476435805670917,-4.816867789381325,0.0022216796875,2700.0,-0.9937183067202568,0.15570086874067784,0.06067241607233882
-8.580395841332923,-8.744087352835276,50.0,0.0038735636102501304,0.12528702281415463,-5.748010874395857,-4.984953547405573,-21.022956939814225,200.0,675.0,-0.8553933628689265,1.105545221056281,182228.0,-1.5139169827423757,-6.805789657511642,0.0004638671875,8.627930608513104,-0.011043694149702788,0.0,0.0,-0.9860364466905593,-5.734911042193746,0.0,0.13433312848210335,0.18503627069294454,0.5220661026959466,0.007835215365048498,0.0,-26.94382599934534,3.2984657943167717,0.015558395511470735,-8.583661860247933,0.0,0.0,0.0,1,-0.029255914594978095,-5.496898256692239,0.0006591796875,2700.0,-0.9967012524604797,0.18126497231423855,0.07669616360217332
-9.038585532044285,-9.182468244706715,75.0,-0.010187956737354398,0.1459510713815689,-6.277668758927705,-6.014549658020662,-26.92592861676367,300.0,675.0,-0.8555964815968764,0.963220752059532,273353.0,-1.5329438415923504,-6.668127835922317,0.0112060546875,9.028609048384563,-0.00928534718696028,0.0,0.0,-0.9857789680361748,-6.239319149843729,0.0,0.13653358183801173,0.20503602437675,0.23815806943505818,0.007569472619798035,0.0,-26.999999801578305,3.1909432256697574,0.01141674113459885,-9.026800486600179,0.0,0.0,0.0,2,-0.0297820336651057,-6.1746593038137245,0.00087890625,2700.0,-0.9976068332791328,0.1894965495914221,0.07787025552242995
-9.520908112700301,-9.667666872461838,100.0,-0.019887543562799693,0.1756832215934992,-6.376920239543852,-7.146521316303206,-26.93393527885215,400.0,677.0,-0.8551426509584417,0.5939492252895564,364478.0,-1.533761308901012,-7.069534976914195,0.01630859375,9.517596475273447,-0.007795708661433309,0.0,0.0,-0.9848344132304192,-6.3760301570787545,0.0,0.13918466903269291,0.2222076579928398,0.20933405986850756,0.008511084783822297,0.0,-26.303558364192963,3.041096768125223,0.010201760684140027,-9.515667719722902,0.0,0.0029542097488921715,0.0,3,-0.03075753739103675,-6.302703549658516,0.00087890625,2700.0,-0.9978724956512451,0.20368332006037235,0.08217729702591896
-9.591506829755124,-9.753110728676097,125.0,-0.04183657467365265,0.20438676178455353,-7.730868925063405,-4.875560346671099,-26.792616329432075,500.0,675.0,-0.8559106880711624,1.4794558896574124,455514.0,-1.5392127935716418,-7.703208870322797,0.019482421875,9.578261382206808,-0.0017783926508855076,0.0,0.0,-0.9838104233145714,-7.644582343846724,0.0,0.14320868887007238,0.23068994730710984,0.19800045130585658,0.007684025296475739,0.0014814814814814814,-26.679876291899753,3.4865023187937147,0.010207893373444677,-9.578839491999153,0.0,0.0,0.0,4,-0.032640075869858266,-8.068715873974366,0.0010498046875,2700.0,-0.997871159017086,0.22069469429552555,0.08684662021696568
-9.573627311023635,-9.719548001345924,150.0,-0.04634061185643077,0.22678819186985494,-6.855670479147099,-6.641757725252734,-26.817874099993716,600.0,675.0,-0.8557831183425151,0.6134194617817276,546639.0,-1.5557093698269455,-7.2604233726384555,0.02880859375,9.550048635373702,-0.003739100164966658,0.0,0.0,-0.9834832608699798,-6.87432943233223,0.0,0.14459716118872165,0.23510973602533342,0.20388581664034439,0.006656022032257169,0.0,-26.99074226381694,3.0834125000110566,0.009534273063763976,-9.549144197841477,0.0,0.0,0.0,5,-0.03187961988151074,-6.987606199003156,0.0009765625,2700.0,-0.9980184346437454,0.23250345848500728,0.08833842016756535
-9.652164828710607,-9.803614400891236,175.0,-0.053265906684100625,0.25059966221451757,-7.00113966679167,-7.370440035099728,-26.991084491644145,700.0,675.0,-0.8569585741046467,0.6938510452000353,637764.0,-1.5605341984410188,-7.63707522742271,0.03466796875,9.617371957908697,-0.008056408283300698,0.0,0.0,-0.9842034742236138,-7.007183878204211,0.0,0.14960978776216508,0.24066777266561984,0.18872771351595713,0.007328908145427704,0.0,-26.999999545879653,3.155989853722914,0.009140251902863383,-9.618384264241167,0.0,0.0,0.0,6,-0.03199694901704788,-7.146198378302577,0.0013671875,2700.0,-0.9981045827269555,0.2451316736638546,0.08505431711673736
-9.720213864982224,-9.84456326636595,200.0,-0.06542600803077221,0.2827878683805466,-6.981975510107185,-7.212035200880152,-26.25529257835814,800.0,675.0,-0.8575963827548548,0.6140074235155693,728803.0,-1.544082160385733,-7.601080790964191,0.0397705078125,9.688247182331006,-0.00908978849183768,0.0,0.0,-0.9844353944063187,-6.973345284798159,0.0,0.15297629795968531,0.24379100166261197,0.23835574776134463,0.006474470510147512,0.0022222222222222222,-26.66099316297556,3.1425998215567756,0.009084475203417241,-9.687476758942065,0.0,0.0,0.0,7,-0.035479473602026704,-7.142869071714176,0.0010498046875,2700.0,-0.9981167957186698,0.2583035431802273,0.08399679660797119
-9.502259900668832,-9.646426181859962,225.0,-0.0812297185882926,0.3128100298345089,-6.800243524079673,-7.466569508903391,-26.832788961617457,900.0,675.0,-0.8556957845008583,0.6072999193437176,819835.0,-1.5370663761459582,-7.45577640284025,0.028466796875,9.45878331041019,-0.012408313993364572,0.0,0.0,-0.9850826352834702,-6.80179675787317,0.0,0.15746037773787974,0.24798107370734215,0.20054430580453073,0.006452991219703108,0.0022222222222222222,-26.999999998982293,2.8528558647858397,0.009285234892740846,-9.45707962708688,0.0,0.0,0.0,8,-0.03754447679966688,-6.939649174637831,0.0009521484375,2700.0,-0.9980729043483734,0.2716009236872196,0.08104540780186653
-9.6107188174913,-9.770320710303977,250.0,-0.09862482380121947,0.3375691257417202,-6.979613247731164,-6.965082735956348,-26.975154971327143,1000.0,675.0,-0.856043430774298,0.7892862662671115,910960.0,-1.5585674174079032,-7.501004494098018,0.0399658203125,9.578032268279788,-0.013034182996489108,0.0,0.0,-0.9856256976723671,-6.981153710498106,0.0,0.1613627176731825,0.25131009295582774,0.2178602149526144,0.0060600652126595374,0.0,-26.97592818136433,2.8725520505172333,0.00887737920274958,-9.576991171309038,0.0,0.0,0.0,9,-0.03893779339268803,-7.164064806083853,0.000927734375,2700.0,-0.9981620818376541,0.2844952143728733,0.07856912780553102
-9.670834086622596,-9.818037090163386,275.0,-0.10769975818693638,0.3568356893956661,-6.74540114346618,-7.235144309305722,-26.230166617991586,1100.0,675.0,-0.8569587024714564,0.4601692186557568,1001650.0,-1.5408168491427205,-7.495366766129009,0.0339599609375,9.646694064895808,-0.016881338460370897,0.0,0.0,-0.9861037984490395,-6.746358542895098,0.0,0.16740554794669152,0.2531114675104618,0.270495495890798,0.00689703777898103,0.0077777777777777776,-26.997436922198183,3.0080635646741647,0.008357875735964627,-9.64154163419888,0.0,0.0,0.0,10,-0.04154780572280288,-6.904410503435204,0.000927734375,2700.0,-0.9982756555080414,0.2992349058389664,0.07638911828398705
-9.655109731070958,-9.812672098021114,300.0,-0.11321021988987923,0.37187863439321517,-6.7219455358164,-6.670180941510898,-26.5356279547096,1200.0,675.0,-0.8571294662120635,0.4798153689152616,1092775.0,-1.5421795501795714,-7.490657710216865,0.0403076171875,9.614396543311457,-0.020796202635392547,0.0,0.0,-0.9867732554674149,-6.724894412871592,0.0,0.17480609603226185,0.25681311935186385,0.21381820565048715,0.0075710963341407474,0.0,-26.939174645002687,2.9293985876902093,0.008172605524305255,-9.611194686785167,0.0,0.0,0.0,11,-0.04381101699545979,-6.84692647263963,0.000830078125,2700.0,-0.9983161658048629,0.31241195276379585,0.07333638593554496
-9.588901414535544,-9.754645284799258,325.0,-0.12003445625305176,0.38167370706796644,-6.827102539571875,-6.180630442490645,-26.863015474703488,1300.0,675.0,-0.8591464408484171,0.6685846452402088,1183900.0,-1.536424345881096,-7.484543863512719,0.033203125,9.542299775430113,-0.019837738759815694,0.0,0.0,-0.9870667725801467,-6.826477398331027,0.0,0.1809036262333393,0.2589594542980194,0.2123933621668153,0.008184136147610844,0.0,-23.34731764139455,2.855062971789818,0.008043786894995719,-9.545525589125361,0.0,0.0,0.0,12,-0.044331449642777444,-6.931929417914714,0.0009033203125,2700.0,-0.9983443409204483,0.3281739719212055,0.07199798449873925
-9.706589913030603,-9.860332208360884,350.0,-0.11933230608701706,0.38752067685127256,-6.611313310095691,-4.247181551512426,-25.4255699992688,1400.0,675.0,-0.8594146640753024,0.6700859145785374,1274976.0,-1.5376904262360767,-7.517552945746755,0.03232421875,9.664769304167303,-0.022489863727241755,0.0,0.0,-0.9875178962945939,-6.6085637193261935,0.0,0.18487349562346936,0.26083789169788363,0.20963121418918398,0.0075216277153231205,0.0007407407407407407,-25.92361230814157,2.7010559382881625,0.007822495920117944,-9.657198048411354,0.0,0.0,0.0,13,-0.04442335087805986,-6.6565565859378735,0.001171875,2700.0,-0.9983927339315415,0.33862683176994324,0.06994088720530271
-9.776770404125633,-9.927938405568275,375.0,-0.12125102151185274,0.3930786199867725,-5.326212570144976,-6.702736688080868,-25.32604074064064,1500.0,675.0,-0.8604738466412527,1.4344329683947457,1365888.0,-1.5501574113601237,-7.461927643855845,0.02919921875,9.750626261168808,-0.01951862554997206,0.0,0.0,-0.9871483683586121,-5.342198315763693,0.0,0.18857247866690158,0.26157116740942,0.3554298545457553,0.007779708120506257,0.004074074074074074,-23.44563261187965,3.0426194673819906,0.007653655542526394,-9.74262500619414,0.0,0.0,0.0,14,-0.04499894911423326,-4.9209295865965945,0.0009033203125,2700.0,-0.998429648578167,0.3498350016772747,0.07162595354020596
-9.57788302318852,-9.733434674964286,400.0,-0.12476216107606888,0.3982117161154747,-6.643369428390924,-6.647586399146242,-26.04425688167904,1600.0,676.0,-0.8608161763026146,0.6011457958904629,1456966.0,-1.5492157971850247,-7.554073235476624,0.0312744140625,9.537889198088937,-0.0178740247618407,0.0,0.0,-0.9859905377030372,-6.64318958505383,0.0,0.19373344592750072,0.2636556655168533,0.28754893830375783,0.008057270990684628,0.0011111111111111111,-26.71839799769651,2.6974783751614035,0.008208686101716012,-9.529767311357332,0.0,0.0014792899408284023,0.0,15,-0.04646949907764793,-6.702461619883539,0.0010498046875,2700.0,-0.9983082994818687,0.3614187814295292,0.0769055312499404
-9.72975647582974,-9.8771241034406,425.0,-0.1315509404987097,0.40610369220376014,-6.921665279341916,-6.271937099343114,-26.711308912885624,1700.0,703.0,-0.8627188424725318,0.5766709192079579,1547968.0,-1.5402828871097882,-7.50217919646049,0.0271728515625,9.686730285748226,-0.015152277960442006,0.0,0.0,-0.9856441155076027,-6.924921003433934,0.0,0.1985978402197361,0.26549549028277397,0.33981890550212845,0.010043812356889248,0.0022222222222222222,-23.965416812579875,2.575893257510962,0.008628033939749003,-9.681088851067587,0.0,0.03982930298719772,0.0,16,-0.04766517383977771,-7.033387062566382,0.001171875,2700.0,-0.998216587305069,0.36949280127882955,0.07848517261445523
-9.669599632300475,-9.827246426327875,450.0,-0.13744909204542638,0.4184289678931236,-7.002808264020828,-6.128736604964208,-26.40837793890164,1800.0,687.0,-0.8618037975160405,0.4488697094527703,1638773.0,-1.5568211794463422,-7.516257928395454,0.023828125,9.630959312339089,-0.014437593007460236,0.0,0.0,-0.9857225075364113,-7.000242148143973,0.0,0.20283862836658956,0.26802079305052756,0.3402711004929243,0.008851446071639657,0.004814814814814815,-22.98712165086548,2.63369265871059,0.008290124975610524,-9.625235262604903,0.0,0.017467248908296942,0.0,17,-0.04837503656744957,-7.128811880575275,0.0011474609375,2700.0,-0.998290479183197,0.3785883031785488,0.07812767345458269
-9.720283935796711,-9.872597874593312,475.0,-0.14025613516569138,0.425489042699337,-6.686389311114651,-5.6816048617363695,-26.052341932730705,1900.0,678.0,-0.8616905978386058,0.620813267568155,1728866.0,-1.5362921260973963,-7.461305755537652,0.01953125,9.713297926849716,-0.014136977749876678,0.0,0.0,-0.9847176283597946,-6.684100089549142,0.0,0.2072138462215662,0.27046124786138537,0.3573360197507073,0.011124143004417419,0.017777777777777778,-25.156169461597795,2.483200810663166,0.008124375052284449,-9.699101085450035,0.0,0.004424778761061947,0.0,18,-0.05011084266006947,-6.761665274282595,0.0009521484375,2700.0,-0.9983267188072205,0.3868693307042122,0.08270984049886465
-9.649823861628173,-9.794924297525515,500.0,-0.1420790795236826,0.42469815611839296,-7.22737217058795,-5.29084609415678,-26.45316686990454,2000.0,675.0,-0.8610539235669421,0.5370422074961003,1819464.0,-1.5566337718053547,-7.487013197946432,0.02177734375,9.621853008892257,-0.013856509351171553,0.0,0.0,-0.9845774546265602,-7.22295589585884,0.0,0.21011220775544642,0.27318858355283737,0.3041994004668426,0.010701089608483016,0.009259259259259259,-26.943306357038214,2.5721055422467494,0.008024358411785216,-9.611030095548688,0.0,0.0,0.0,19,-0.05215407414361835,-7.493526354033298,0.001025390625,2700.0,-0.9983485817909241,0.3944074913859367,0.0833490252494812
-9.638287469218245,-9.775800708146749,525.0,-0.14768462181091307,0.42968648821115496,-6.910637291509639,-5.0276072307934765,-26.921522100999642,2100.0,675.0,-0.8592197564343224,0.47265595571043717,1910589.0,-1.5487423292805034,-7.53387351548903,0.023583984375,9.595343680694283,-0.016219218634068965,0.0,0.0,-0.9852371603250504,-6.910355635761206,0.0,0.21263220012187958,0.27518988475203515,0.27208386742088364,0.010756282974034548,0.0,-26.996959572559977,2.586843158000415,0.0075594946392811835,-9.586968824415866,0.0,0.0,0.0,20,-0.05259539242833853,-7.065114849115032,0.00126953125,2700.0,-0.9984502404928207,0.4007298283278942,0.08034078162163497
-9.65012940635152,-9.807963095251486,550.0,-0.15442951992154122,0.4341683015227318,-6.7808841480334765,-5.540385053845065,-26.89179388043921,2200.0,675.0,-0.8589390179462498,0.34076733169538437,2001621.0,-1.5447609787042893,-7.488340413859508,0.02236328125,9.599648372629998,-0.018264091527089476,0.0,0.0,-0.9855113878846169,-6.77679086706881,0.0,0.21484334468841554,0.2789327345788479,0.2360159091604035,0.009477286250330508,0.0014814814814814814,-26.99436234209272,2.3574829214881,0.007112730457447469,-9.590662246338585,0.0,0.0,0.0,21,-0.05310986330732703,-6.947822057463267,0.001025390625,2700.0,-0.9985479131340981,0.40620961487293245,0.07909038998186588
-9.691179837742386,-9.84507292918311,575.0,-0.15563928782939912,0.4392236642539501,-6.91049625531334,-6.628168456039568,-26.75773409319471,2300.0,675.0,-0.8571474291049526,0.4353456976104167,2092746.0,-1.5293337027160305,-7.517138368379333,0.0181396484375,9.652261493276907,-0.01953340913169086,0.0,0.0,-0.9850425943732262,-6.91235251204868,0.0,0.21837862394750118,0.2809680990874767,0.2515525050835694,0.010794300329871475,0.0,-26.999996384521893,2.7335628683403663,0.0068720699287951,-9.650704782613776,0.0,0.0,0.0,22,-0.05403273487463593,-7.070667275787085,0.00107421875,2700.0,-0.9986005455255509,0.4120085671544075,0.08122802544385195
-9.643164168822498,-9.792389958045652,600.0,-0.16125438548624516,0.4480662576854229,-7.092057378122126,-6.851673071957977,-26.913931697872503,2400.0,675.0,-0.8572362129547401,0.5506211133727235,2183871.0,-1.5424217986917939,-7.534788048920462,0.0208984375,9.625182179899637,-0.018871651124209167,0.0,0.0,-0.9852733388543129,-7.08849292988662,0.0,0.22114968709647656,0.28213570490479467,0.2880448055907209,0.009219829551875591,0.0,-26.999988823939038,3.0997058534393647,0.006777300417888909,-9.619960304965772,0.0,0.0,0.0,23,-0.055400519352406266,-7.281643698183632,0.0011962890625,2700.0,-0.9986212581396103,0.41754135191440583,0.0801758648827672
-9.694561719747691,-9.845433966502162,625.0,-0.16443093158304692,0.45416119024157525,-7.014627655657807,-6.150598338727459,-26.91083360666121,2500.0,675.0,-0.8576453376197606,0.5392461091383141,2274996.0,-1.5432413785161772,-7.517155564139274,0.0093994140625,9.656973822132262,-0.018746195081621408,0.0,0.0,-0.9853895470499993,-7.015195986168635,0.0,0.22307182252407073,0.28696100413799286,0.22434014477194236,0.009283465519547462,0.0,-26.999999995140485,2.665466448504459,0.006813363975379616,-9.6490714836339,0.0,0.0,0.0,24,-0.05681811980903149,-7.12317395576176,0.001220703125,2700.0,-0.9986133873462677,0.42244422882795335,0.07964595556259155
-9.665201004389328,-9.830614494620008,650.0,-0.1697008416056633,0.46058789268136024,-7.0579677044803075,-6.878185869722264,-26.878377888876187,2600.0,675.0,-0.8591067491201102,0.8149647431961249,2366121.0,-1.5500127168590552,-7.571888563464438,0.0140625,9.632354130173557,-0.017952861404046415,0.0,0.0,-0.9844407826662064,-7.064657654521403,0.0,0.22585018277168273,0.29014483988285067,0.23060870310386586,0.009179268917068838,0.0,-26.99798487312547,3.0452486268840717,0.006945950200315565,-9.63199217968258,0.0,0.0,0.0,25,-0.05675155678763986,-7.082404195777864,0.0009765625,2700.0,-0.9985843971371651,0.4286539666354656,0.08397221378982067
-9.668594137226671,-9.811994908584282,675.0,-0.17708065249025823,0.46428258046507836,-6.812372083645448,-6.4131033845725955,-26.92976153151298,2700.0,675.0,-0.8588394612510456,0.8214068272188026,2457246.0,-1.5545668176520848,-7.466883084071273,0.016162109375,9.621820930971937,-0.01892478410154581,0.0,0.0,-0.9842710509896279,-6.809020378334459,0.0,0.22867692410945892,0.2955227427184582,0.2413114766859926,0.009144963743165136,0.0,-27.0,2.6715629921705872,0.007012660964392126,-9.611116642759413,0.0,0.0,0.0,26,-0.05752212926745415,-6.748827706083484,0.001220703125,2700.0,-0.9985697984695434,0.43507096022367475,0.0847461499273777
-9.667149069980635,-9.822132669142349,700.0,-0.17810933142900467,0.46731691136956216,-6.893837279639117,-7.26218369998886,-26.972611850403137,2800.0,675.0,-0.8595191700398572,0.7652773560300101,2548371.0,-1.5690033264196246,-7.489305715681578,0.012109375,9.618401705836476,-0.01888190726749599,0.0,0.0,-0.984248910844326,-6.903116260251176,0.0,0.2312766369432211,0.30147218480706217,0.23267433186347306,0.008592592389322817,0.0,-27.0,3.0315375814855146,0.007036352960858494,-9.609855580410727,0.0,0.0,0.0,27,-0.058199393004179,-6.920962506627015,0.0013916015625,2700.0,-0.998564624786377,0.43939887806773187,0.08484717719256878
-9.801389417129705,-9.956575559692634,725.0,-0.18127985186874868,0.4717144541442394,-6.60049464226644,-7.191145115451331,-26.970865004690218,2900.0,675.0,-0.8624422351596877,1.0146911142489157,2639496.0,-1.5615788033101126,-7.538180824445256,0.0083740234375,9.738857545155211,-0.019325924571603537,0.0,0.0,-0.9844569578766823,-6.612406945528221,0.0,0.23327796384692193,0.3037789538502693,0.22029223335434023,0.008190983394160866,0.0,-27.0,3.03563286013303,0.006778986298013478,-9.731800696581647,0.0,0.0,0.0,28,-0.06022640708833933,-6.430944074204272,0.0015869140625,2700.0,-0.9986209005117417,0.44305497631430624,0.08389845155179501
-9.83641915518507,-9.9890833354925,750.0,-0.1853359632194042,0.4736628718674183,-7.1303905912298715,-7.539184049441064,-26.976895529297696,3000.0,675.0,-0.8626366166965453,0.9465401838803421,2730621.0,-1.5746594106138219,-7.411444532968974,0.0093505859375,9.772967600981215,-0.022786097740754484,0.0,0.0,-0.9830094203352928,-7.126171175652074,0.0,0.2363013058900833,0.3064755782485008,0.21366988589557373,0.00810040917713195,0.0,-26.9999999995742,3.1960126552739423,0.006970757234375924,-9.76503526850325,0.0,0.0,0.0,29,-0.061442766711115836,-6.922736780119817,0.0009521484375,2700.0,-0.9985789686441422,0.44591736122965814,0.09049907177686692
-9.6257915853839,-9.764431460070668,775.0,-0.190251861512661,0.4766334518790245,-6.943395694566855,-7.243272409333363,-25.648276566890626,3100.0,675.0,-0.8644772571191425,1.4517550373228922,2821721.0,-1.5485945398795593,-7.53524143572368,0.0100830078125,9.560988488009897,-0.0235143328551203,0.0,0.0,-0.9814593836665153,-6.946874817263054,0.0,0.24043147899210454,0.31011108979582785,0.31532457360794225,0.005545761715620756,0.00037037037037037035,-26.421524448422435,3.247263965740345,0.007284489716403187,-9.555269238838454,0.0,0.0,0.0,30,-0.0615191045217216,-6.585959042225037,0.0010498046875,2700.0,-0.998510380089283,0.44999672323465345,0.097567074932158
-9.819638854223408,-9.969156497546646,800.0,-0.1899466011673212,0.4786484085023403,-6.883639367050809,-7.078675222430589,-26.559911410685817,3200.0,675.0,-0.8681563682985143,1.2800999064504297,2912846.0,-1.563465910234663,-7.534793927513076,0.0103759765625,9.75275905228073,-0.022850114107131957,0.0,0.0,-0.9757182136178016,-6.888658514167487,0.0,0.243504448980093,0.31336269304156306,0.32666941315241693,0.00578861371614039,0.0,-26.880892718723857,3.3779782083179066,0.008557905640918762,-9.741986585062405,0.0,0.0,0.0,31,-0.061819550953805445,-6.496389193677487,0.000830078125,2700.0,-0.9982319101691246,0.45604864582419397,0.12374621126800775
-9.982683345743354,-10.122155692569757,825.0,-0.18265798166394234,0.4738399267196655,-6.635229240105777,-7.03867374689756,-26.81311344967322,3300.0,675.0,-0.8745327645767247,1.0279964888659332,3003971.0,-1.5435098699141236,-7.53678837676552,0.0177490234375,9.896405365367267,-0.023791295662522315,0.0,0.0,-0.9692354932427406,-6.634815140462868,0.0,0.24820676185190677,0.3142612636089325,0.37304888582803775,0.0067008527112193406,0.0,-26.999999996310326,3.213880304664046,0.010280804266221822,-9.875758294267985,0.0,0.0,0.0,32,-0.062161142751574514,-6.2212523703474245,0.00078125,2700.0,-0.9978552177548409,0.4610435962677002,0.15330677889287472
-9.842499588391707,-9.976218049316177,850.0,-0.18205921314656734,0.47286774814128874,-7.000464514741102,-5.833699403461722,-25.72144027909749,3400.0,675.0,-0.8745790290791774,1.3175462703918714,3095096.0,-1.5484939005342313,-7.4451535016473915,0.0122314453125,9.814490843880108,-0.020177894877269863,0.0,0.0,-0.969101893901825,-7.008559129324259,0.0,0.25123015120625497,0.3162649028003216,0.44455083863285977,0.0012324229901423678,0.0,-26.0546926136351,3.3379541697468937,0.01037087372969836,-9.805956236554737,0.0,0.0,0.0,33,-0.06342142764478922,-6.660575031910542,0.00048828125,2700.0,-0.9978355139493942,0.4664615891873837,0.15391597859561443
-9.910219994890923,-10.04754189053284,875.0,-0.18285055197775363,0.4749458633363247,-6.855405810725071,-6.438560262662561,-26.407008243522895,3500.0,675.0,-0.8805621748033445,1.1962716849831474,3185899.0,-1.544357558979391,-7.396716753205671,0.0139892578125,9.840673141310024,-0.01965369116514921,0.0,0.0,-0.9625044122338295,-6.85476371182064,0.0,0.25533624812960626,0.3170732922852039,0.4431650194272539,0.001501049249782227,0.005555555555555556,-26.872017026473685,3.3261589655195265,0.011290971119888128,-9.827385863960624,0.0,0.0,0.0,34,-0.06356285214424133,-6.376741716637704,0.0002685546875,2700.0,-0.9976343259215354,0.47430777102708815,0.18399979658424853
-10.083958132522932,-10.234802599950584,900.0,-0.18322622999548913,0.47592129185795784,-6.274254471813163,-7.467810372066249,-26.714387205557372,3600.0,675.0,-0.889917408832116,1.148101280562071,3277024.0,-1.5378180766732839,-7.4221130831086635,0.0096435546875,9.978980433004418,-0.01787657323293388,0.0,0.0,-0.9605152398347855,-6.27790907136188,0.0,0.2607115671038628,0.3198170430958271,0.5603843242504849,0.0022654334316030145,0.0,-26.768718768597335,3.1672578022087463,0.012974686012603343,-9.963098708559283,0.0,0.0,0.0,35,-0.06452338788658381,-5.731357397336212,0.000244140625,2700.0,-0.9972661837935448,0.48119313046336176,0.1930701918900013
-10.303429461392748,-10.452129637832156,925.0,-0.18347671814262867,0.4768359251320362,-6.892335747623133,-7.274553296516177,-26.93524962387853,3700.0,675.0,-0.8975601613536128,0.9735934453697899,3368071.0,-1.5369551350566326,-7.460768832443526,0.010107421875,10.195824102084764,-0.01816172725521028,0.0,0.0,-0.9539040446281433,-6.894376301337616,0.01,0.26484298035502435,0.3205519787967205,0.5865684570734788,0.0023698541335761547,0.0,-26.992719558338315,3.369423618224721,0.014047009032219648,-10.170112283199597,0.0,0.0,0.0,36,-0.06504816692322493,-6.370628593949156,0.0001708984375,2698.0,-0.997031708061695,0.4883238814771175,0.22321658134460448
-10.408450118815178,-10.554631589199394,950.0,-0.18087139762938023,0.4807883255183697,-6.473042033348963,-6.540823947332297,-26.9707135215753,3800.0,675.0,-0.9039273482616409,1.0669579571855619,3459196.0,-1.5307058190053795,-7.4574574364661474,0.008740234375,10.272151850717261,-0.018997859116643666,0.0,0.0,-0.9479397818446159,-6.473551057487107,0.0,0.26847378686070444,0.32320100963115694,0.6182197764923207,0.0014596358116250486,0.0,-26.998852899872,3.1884127609361324,0.01523056677542627,-10.252041227966279,0.0,0.0,0.0,37,-0.06596935465931893,-5.882596699197743,0.0001708984375,2700.0,-0.9967729181051255,0.4928546518087387,0.25041297599673273
-10.378246124728054,-10.503476805206166,975.0,-0.18044982179999353,0.4830846332013607,-6.496721320779576,-6.890824506680813,-25.134147163534784,3900.0,675.0,-0.912103063367249,1.0686655328068673,3550321.0,-1.522450712974387,-7.358071735811395,0.008349609375,10.286817298191195,-0.021249248553067444,0.0,0.0,-0.9460068613290786,-6.510280050826415,0.0,0.27318973243236544,0.3249249868094921,0.8757961388797586,0.0005400679394369945,0.0,-26.98877434930048,3.1976872120720126,0.01591877031605691,-10.26119202424925,0.0,0.0,0.0,38,-0.06637937780469656,-5.935349259685152,0.0,2700.0,-0.9966224327683448,0.49860174432396887,0.25922686830163
-10.30875756864349,-10.443478917681578,1000.0,-0.17705931700766087,0.48454868867993356,-6.885980431626258,-7.184463717185914,-26.676947366521517,4000.0,675.0,-0.9063284079427831,1.0928511886132337,3641446.0,-1.511537125948962,-7.481125656890424,0.0049560546875,10.159707072812076,-0.020733347907662392,0.0,0.0,-0.9499124526977539,-6.893096995174465,0.0,0.27863832712173464,0.32625064849853513,0.6018765602261054,0.0009258838326786645,0.0,-26.999933009712088,3.1584890994820682,0.014620568044483662,-10.1325141695682,0.0,0.0,0.0,39,-0.06651147566735745,-6.464028132418823,0.000146484375,2700.0,-0.9969062939286232,0.5041740626096726,0.24141781963407993
-10.311563271085387,-10.466012627085139,1025.0,-0.17748430296778678,0.4861042231321335,-6.724662129357424,-7.340585834640857,-26.954417539929292,4100.0,675.0,-0.8987863208545604,0.6540785346604288,3732571.0,-1.5034532278823463,-7.487555345862234,0.0068603515625,10.174809736450332,-0.02369685531593859,0.0,0.0,-0.9509014993906021,-6.719203492680293,0.0,0.282677336782217,0.32698523327708245,0.4856126357665584,0.0010778540861792862,0.0,-26.90293888212316,3.2597683066161793,0.01308327168226242,-10.152294651712952,0.0,0.0,0.0,40,-0.0673205602914095,-6.249359410671153,0.00029296875,2700.0,-0.997242434322834,0.5075678169727326,0.23690786585211754
-10.109831148029757,-10.258260608036101,1050.0,-0.17790570706129075,0.4865150511264801,-7.054493624608524,-7.124109378988914,-26.966184961514866,4200.0,675.0,-0.8906278261711122,0.7989851650560743,3823696.0,-1.5337939393750275,-7.453243785116279,0.0060302734375,9.974521214724145,-0.025570296309888364,0.0,0.0,-0.9536848828196526,-7.056924772287815,0.0,0.2856207177042961,0.3266721874475479,0.3607947537839232,0.0008365514906472527,0.0,-26.999975474697408,3.433433548228309,0.011136277648620307,-9.955248370921714,0.0,0.0,0.0,41,-0.06867585759609937,-6.7070128900363795,0.000634765625,2700.0,-0.9976681679487228,0.5107927531003952,0.22421592138707638
-9.9054075373988,-10.0385202705618,1075.0,-0.1788606621325016,0.4876617453992367,-6.283886515241275,-6.584410113955955,-26.68188334176555,4300.0,675.0,-0.8815537302070879,0.8763274286964226,3914821.0,-1.5340660405920061,-7.463614859151475,0.00625,9.837334770474673,-0.02782643064856529,0.0,0.0,-0.9576040044426918,-6.2824255650840755,0.0,0.2878350704908371,0.3241592265665531,0.36621672938046607,-0.0008511007865308784,0.0,-26.99250102685002,3.0644404117605903,0.009450268768705427,-9.8292208346595,0.0,0.0,0.0,42,-0.070293446816504,-5.735494426565593,0.0005859375,2700.0,-0.998036801815033,0.5150360688567162,0.20634515583515167
-9.95556828459128,-10.09203441415535,1100.0,-0.17887156940996646,0.4864106498658657,-6.428717581114197,-7.494876452534605,-26.98452475081168,4400.0,675.0,-0.8775305924398709,0.8862613268312197,4005745.0,-1.5407010542810895,-7.486089282243736,0.008642578125,9.877326725389135,-0.02602347731590271,0.0,0.0,-0.9602820664644242,-6.4258188166272845,0.01,0.28948086202144624,0.32502126693725586,0.3464936757177673,-0.0008307654090458528,0.0,-26.959210038511284,3.40287391065,0.009120917762629688,-9.864469292072046,0.0,0.0,0.0,43,-0.07173331379890442,-5.907847244514798,0.0005859375,2693.0,-0.9981088221073151,0.5190662577748298,0.19413344450294973
-10.141544671069706,-10.296593280808356,1125.0,-0.1782998528331518,0.4889771223068237,-6.876386761171941,-7.289274475051094,-26.903720854765197,4500.0,675.0,-0.8848477766499855,1.195857690699865,4096449.0,-1.5261771522826166,-7.4778037785613325,0.007568359375,10.03108629607884,-0.021591936703771353,0.0,0.0,-0.9561919391155242,-6.877282536278462,0.03,0.2925104759633541,0.3262848660349846,0.3954923922068079,-0.0007754687962005846,0.0,-26.999762164139092,3.479041269432726,0.011917993146926164,-10.011912086294902,0.0,0.0,0.0,44,-0.07294737119227648,-6.391820779489848,0.0004638671875,2686.0,-0.9974972277879715,0.5254935398697853,0.2127840608358383
-10.310382998756328,-10.457740679128705,1150.0,-0.180231649056077,0.4912422113120556,-6.746183644582982,-7.119394607652597,-26.989620693601506,4600.0,675.0,-0.8966282824010705,0.8211293943066383,4186664.0,-1.5361741307224293,-7.4548729980359,0.007861328125,10.171140361950597,-0.02132115778513253,0.0,0.0,-0.953717203438282,-6.751438914964825,0.03,0.29462880566716193,0.3280121982097626,0.4471966222045197,-0.0022421234578359874,0.0,-26.928689899755142,3.417529910364192,0.015263279480859638,-10.148304459402315,0.0,0.0,0.0,45,-0.07394372876733542,-6.276175432706154,0.00029296875,2667.0,-0.9967657640576363,0.5290503934025764,0.22406858317553996
-10.621249496800653,-10.77273507314762,1175.0,-0.1802992310374975,0.4942827008664608,-6.771164021033246,-6.060484827789659,-26.939987982450514,4700.0,675.0,-0.9113484164787223,0.7449057100377798,4277253.0,-1.5349827626610932,-7.467797355228505,0.006591796875,10.456998840876158,-0.024935452872887252,0.0,0.0,-0.9498093649744987,-6.768483868123331,0.03,0.2964391089975834,0.3320587664842606,0.5748762772477696,-0.001996815059101209,0.0,-26.99999703692172,3.4237640433895598,0.0178407933562994,-10.427773391792446,0.0,0.0,0.0,46,-0.07402503024786711,-6.265120560939677,0.0001953125,2681.0,-0.9962021738290787,0.5316996663808823,0.24188786707818508
-10.877820375108403,-11.025661224278153,1200.0,-0.18157214112579823,0.5002521634101867,-7.262520466180874,-6.745222493209033,-26.90208698234706,4800.0,675.0,-0.9220131270718411,0.5588873473782876,4367677.0,-1.5171747118165513,-7.442444695790346,0.0052001953125,10.686738856064121,-0.02720538666471839,0.0,0.0,-0.9444084078073501,-7.259292536058899,0.02,0.29862657114863395,0.3346616059541702,0.5972937268459368,-0.0020296475733630357,0.0,-26.9683201652572,3.0884516537220015,0.019467019429430365,-10.655327270338477,0.0,0.0,0.0,47,-0.07476693298667669,-6.92012272299011,0.0001708984375,2675.0,-0.9958465978503227,0.5347782388329506,0.26651573181152344
-10.896482836596292,-11.04736410307717,1225.0,-0.18457858599722385,0.5038862302899361,-6.540586274121776,-6.1580797429060015,-26.945016135993562,4900.0,675.0,-0.9278886830739793,0.5219727520845868,4458759.0,-1.5235938925099617,-7.4136042455902995,0.0044189453125,10.677573417752484,-0.029961556289345027,0.0,0.0,-0.9403289750218391,-6.536424263043129,0.01,0.30078991651535036,0.3377271965146065,0.617145983283307,-0.0029112270916812123,0.0,-26.99731925924209,3.485646736370596,0.020968752028420568,-10.643493915406925,0.0,0.0,0.0,48,-0.07553741447627545,-6.016514612457129,2.44140625e-05,2699.0,-0.9955182492733001,0.5389522463083267,0.28511755242943765
-10.17964159817422,-10.27419387741598,1250.0,-0.18673612289130687,0.5081254512071609,-5.877971717886273,-7.265726266476994,-26.94053650346075,5000.0,675.0,-0.92466213577718,0.3928054499798733,4549884.0,-1.5369300775571901,-7.3784905532273,0.0036865234375,9.934871636432888,-0.02938524531200528,0.0,0.0,-0.9440236300230026,-5.877906012876501,0.0,0.3049048878252506,0.3385397642850876,0.6519426379948345,-0.001887017910485156,0.0,-26.999624887731592,3.4828666367866843,0.01913154497742653,-9.896945201393375,0.0,0.0,0.0,49,-0.076434594579041,-5.265681883154703,0.0001708984375,2700.0,-0.9959199592471123,0.5433344572782517,0.26827025786042213
-10.626778782467358,-10.777895131647417,1275.0,-0.19002091959118844,0.5116876944899559,-6.388428403425032,-6.854469460649407,-26.963315462969607,5100.0,675.0,-0.9149128504926921,0.45532033598325083,4641009.0,-1.5339962582540465,-7.433396081809854,0.0045166015625,10.448385608778171,-0.03055118736810982,0.0,0.0,-0.9478511214256287,-6.386276460317485,0.0,0.30773631259799006,0.3411812484264374,0.5094996312750097,-0.0020415076753124593,0.0,-26.996000858126138,3.3377078177546884,0.01564500853419304,-10.419862478570803,0.0,0.0,0.0,50,-0.0762985661625862,-5.880902730392204,0.000146484375,2700.0,-0.9966823056340217,0.5468987748026848,0.2508172523230314
-10.316581465752302,-10.465283890242258,1300.0,-0.19218644946813584,0.5147570386528969,-6.18115449774048,-6.1113208262601395,-26.996147539629373,5200.0,668.0,-0.9018581618380267,0.4342610432483943,4731919.0,-1.5099570962847793,-7.466150271544875,0.0055419921875,10.1606069896857,-0.029781897692009805,0.0,0.04,-0.9521595984697342,-6.1837827331006725,0.0,0.30967404767870904,0.3427103295922279,0.4443458163059688,-0.0012907785829156637,0.0,-26.999993900978122,3.4222294531154915,0.013742396142333746,-10.136536244357732,0.0,0.0,0.0,51,-0.0762406598776579,-5.6668089061892,0.00029296875,2700.0,-0.9970983162522316,0.5495665073394775,0.23117111325263978
-10.178822074104769,-10.328354176269135,1325.0,-0.19261721558868886,0.5203383758664131,-5.98343823730673,-7.240320907042438,-26.931070956581564,5300.0,675.0,-0.8901646779893782,0.6384466419509047,4822822.0,-1.5454573705777874,-7.424378999179865,0.006787109375,10.049862439472989,-0.03047201717272401,0.0,0.0,-0.9563617810606957,-5.9871805579356,0.02,0.3113425925374031,0.34253356531262397,0.39344743858076586,-0.001256790419574827,0.0,-26.972845880118655,3.5131662092710365,0.01135520467069,-10.031553070633208,0.0,0.0,0.0,52,-0.0761698542162776,-5.519690985532963,0.0005126953125,2693.0,-0.9976202860474587,0.5524142771959305,0.21200956553220748
-10.162716420878912,-10.31329952163215,1350.0,-0.1958440277725458,0.5221857190132141,-5.456552770422149,-7.153235616592544,-26.897505247417133,5400.0,658.0,-0.8852954131434672,0.46301098231386695,4913449.0,-1.542102814192185,-7.393360951158843,0.0060546875,10.043672852773453,-0.0314198799431324,0.0,0.04,-0.9588633134961129,-5.4566024221049085,0.01,0.31390591859817507,0.3432222746312618,0.33959695395840683,-0.0010972589894663542,0.0,-26.996737561741135,3.4604938474198734,0.010156033630482852,-10.026476281521536,0.0,0.0,0.0,53,-0.07578220404684544,-4.852193425071515,0.0005126953125,2700.0,-0.9978824838995933,0.554651340842247,0.20060279704630374
-10.196196454320056,-10.349867028008394,1375.0,-0.19703322872519494,0.5228286936879158,-5.874497712869744,-5.138902952731228,-26.913392013363556,5500.0,658.0,-0.8913060289123678,2.9906130863325404,5003792.0,-1.535571855174203,-7.461479298369028,0.008203125,10.066725435720002,-0.03040054328739643,0.0,0.04,-0.9567797228693962,-5.927991924291851,0.02,0.3160689502954483,0.3436231970787048,0.3556294780697864,-0.0003137521256576292,0.0,-27.0,3.9773575331206645,0.011355247930623591,-10.04043996055618,0.0,0.0,0.0,54,-0.07533026412129402,-5.425326659074018,0.0004638671875,2690.0,-0.9976202830672264,0.5569602116942406,0.2101037710905075
-10.215602191652518,-10.366753414170763,1400.0,-0.19891067296266557,0.5247134804725647,-6.5492953014948085,-7.1715632905915605,-26.993934043997488,5600.0,675.0,-0.8915957049248391,0.96354744488563,5094917.0,-1.5487702783160784,-6.9625817807748565,0.00654296875,10.077704393949716,-0.030198570247739552,0.0,0.0,-0.9592978715896606,-6.547062260283951,0.0,0.31766002625226974,0.34481874033808707,0.37812779437028576,-0.0029672070872038604,0.0,-26.999999999891557,3.643656824471165,0.011300886492244899,-10.059074783559797,0.0,0.0,0.0,55,-0.07566338982433081,-6.074190978466155,0.00029296875,2700.0,-0.9976321652531623,0.5591535925865173,0.1986212994903326
-10.335816547867614,-10.487276569122805,1425.0,-0.20113668777048588,0.5253051325678826,-7.0479811550831215,-7.326471836456945,-26.986676438497046,5700.0,675.0,-0.8961270145198796,0.835618516953275,5186042.0,-1.525170536601945,-7.522769260429885,0.0060302734375,10.196871334722227,-0.02842389433644712,0.0,0.0,-0.9579340875148773,-7.055757966630949,0.0,0.31968304961919786,0.34536137580871584,0.4290519498517157,-0.002713671687524766,0.0,-26.998809364956145,3.660404186496707,0.01169504232238978,-10.174269570538346,0.0,0.0,0.0,56,-0.07595025822520256,-6.736835022303074,0.0004150390625,2700.0,-0.9975459933280945,0.5618136167526245,0.20484000705182553
-10.376725774457858,-10.521630612440257,1450.0,-0.2034519013017416,0.5283516854047775,-7.130454319033899,-7.276089003014834,-26.749838467329077,5800.0,675.0,-0.9013751976948697,0.6588134697929949,5276960.0,-1.5249226080493827,-7.424815869103613,0.0063720703125,10.224865884447363,-0.02947003869339824,0.0,0.0,-0.9553004622459411,-7.129519206013955,0.01,0.3221805363893509,0.34695180132985115,0.47239171433815585,-0.002454387809848413,0.0003713330857779428,-26.924930972618004,3.826974831595102,0.012742288177832961,-10.203088120497629,0.0,0.0,0.0,57,-0.07625898774713277,-6.722226514818026,0.0003662109375,2693.0,-0.9973169952630997,0.5650357156991959,0.21684909611940384
-10.414280682917164,-10.562806638575367,1475.0,-0.20291221477091312,0.5291153833270072,-8.168585945428273,-7.9396859811352325,-26.511395721525023,5900.0,675.0,-0.903863073787943,1.7381326218087019,5367647.0,-1.5324322746848338,-7.662625091943821,0.00673828125,10.255712968327806,-0.02898279530927539,0.0,0.0,-0.9552954450249672,-8.161894822519809,0.02,0.32403270304203036,0.34844665974378586,0.494366102651151,-0.001153627212624997,0.0,-26.866403180859166,4.58272541039983,0.013389386981725693,-10.226129797485033,0.0,0.0,0.0,58,-0.07669624369591474,-8.138811972553592,0.000341796875,2685.0,-0.9971755087375641,0.5693105846643448,0.21687196455895902
-10.33218745524693,-10.477239457819485,1500.0,-0.20353395566344262,0.5314174339175224,-7.278036067167136,-7.551463493637038,-26.718672585328513,6000.0,675.0,-0.8998282677435782,0.3829358484765525,5458487.0,-1.527785664419207,-7.6875177849064285,0.007177734375,10.1834969338923,-0.02871991293504834,0.0,0.0,-0.9562451526522636,-7.276020991503671,0.01,0.3259072326123714,0.35010352581739423,0.48588657125960555,-0.0003128266958810855,0.0007432181345224824,-26.99999879517862,4.043154988630394,0.013354499195702373,-10.157686074268948,0.0,0.0,0.0,59,-0.07693155836313963,-7.139385955367314,0.0002197265625,2691.0,-0.9971831262111663,0.5724316015839577,0.21254142001271248
-10.608494587418864,-10.757691945970038,1525.0,-0.20442074909806252,0.5349756702780724,-7.337255125464415,-7.102703530958748,-26.8450734843967,6100.0,675.0,-0.905538135318784,0.5879304047006141,5549101.0,-1.5153677384550974,-7.493224832018396,0.0073974609375,10.43983678175957,-0.02835685112513602,0.0,0.0,-0.9517972752451896,-7.333484987995462,0.01,0.32671840861439705,0.3516670122742653,0.5299860808688598,8.771105267157964e-06,0.0011177347242921013,-26.739568415288122,4.049882804475285,0.014824460097588598,-10.412952800179617,0.0,0.0,0.0,60,-0.07733282279223204,-7.066570472368605,0.000439453125,2684.0,-0.9968617036938667,0.5747762158513069,0.23282319791615008
-10.528060496491557,-10.683913221289329,1550.0,-0.2076771792024374,0.5379884883761406,-7.197040614665755,-7.245389790711216,-26.96804114904377,6200.0,675.0,-0.9078824221767718,0.7994299932333501,5640011.0,-1.5240818205020332,-7.388710336156519,0.005224609375,10.394890786995552,-0.025910520693287253,0.0,0.0,-0.9474899515509605,-7.201465572469678,0.01,0.32718013525009154,0.3533748209476471,0.6571022237513647,-0.00025725913656060584,0.0003713330857779428,-26.999999541695292,4.103622525700876,0.01642159014008939,-10.365094496175342,0.0,0.0,0.0,61,-0.07812975160777569,-6.694989427874941,7.32421875e-05,2693.0,-0.9965124920010566,0.5780181050300598,0.25246418118476865
-10.619797753074641,-10.771920347370818,1575.0,-0.20975929088890552,0.5432923674583435,-7.013291542038688,-6.740063384753062,-26.96617178192002,6300.0,669.0,-0.9117991974606412,0.7764210392317532,5730713.0,-1.5284174983731647,-7.437694921346412,0.00625,10.456230215222877,-0.02525070789270103,0.0,0.04,-0.945409531891346,-7.0199787775962035,0.01,0.3286444194614887,0.35390336737036704,0.570378270412005,0.0007720556415733882,0.0,-27.0,3.7816241014532608,0.018441653857007623,-10.419036061333095,0.0,0.0,0.0,62,-0.078421101719141,-6.50888835877961,0.000244140625,2691.0,-0.9960708096623421,0.5801050364971161,0.2619507037103176
-10.78942898659363,-10.94664632410298,1600.0,-0.21161041520535945,0.5486678048968315,-6.966492292600195,-7.234100297293178,-26.991453152924855,6400.0,675.0,-0.9188527258942486,0.7989410915095047,5821805.0,-1.5274074402012048,-7.368052517024309,0.004443359375,10.607860967562743,-0.023683837335556745,0.0,0.0,-0.9406855091452598,-6.966429731285989,0.01,0.32997442185878756,0.3558999076485634,0.6499372250785901,-0.00022392421597032807,0.0,-27.0,3.8735140782665676,0.019534019567072392,-10.576014397869292,0.0,0.0,0.0,63,-0.07907415460795164,-6.4271372533859665,9.765625e-05,2699.0,-0.995831947028637,0.5822627589106559,0.28349175825715067
-10.944442043064015,-11.09542566394215,1625.0,-0.2134825348854065,0.5536914750933647,-7.2557212803785065,-6.815889467191106,-26.994089834928634,6500.0,662.0,-0.9234248790817219,0.5557292636861091,5912164.0,-1.5247542833720218,-7.514414130919376,0.00478515625,10.75144881045228,-0.023911691410467027,0.0,0.08,-0.9357889160513878,-7.260879891808384,0.01,0.33155478835105895,0.35583987459540367,0.6728151901989367,-0.0011982872005319224,0.0,-26.999999999995424,3.7439885141549936,0.02027461170218885,-10.714802343699356,0.0,0.0,0.0,64,-0.07929357774555683,-6.868166013803313,0.0001220703125,2686.0,-0.9956700205802917,0.5847902104258538,0.30581971555948256
-10.895558526997423,-11.046912667034253,1650.0,-0.2156865183264017,0.5583178877830506,-7.147298322163964,-5.412275514140248,-26.993919386292056,6600.0,678.0,-0.9261427411198383,0.7120331142135214,6002861.0,-1.5161936081174645,-7.479207231257879,0.0046630859375,10.700820193421738,-0.022785282181575894,0.0,0.0,-0.9328789100050926,-7.158123879520379,0.02,0.3340971380472183,0.35709292367100715,0.7018853831793003,-0.0011774963204516098,0.00037230081906180194,-26.904600088534192,3.4526033583431115,0.019295963644981384,-10.6622875801689,0.0,0.004424778761061947,0.0,65,-0.07972291000187397,-6.650222810300138,0.0,2686.0,-0.9958840101957321,0.5878927662968636,0.3190890192985535
-10.829279466861042,-10.97794486066616,1675.0,-0.21685012467205525,0.5620584964752198,-7.15505896948317,-6.27069689640884,-26.93910195268529,6700.0,675.0,-0.9256588912758161,0.7653112684547873,6093876.0,-1.4948129012678693,-7.410472735126794,0.0049072265625,10.61003069270915,-0.02215829035267234,0.0,0.0,-0.9321545094251633,-7.150593864665112,0.0,0.33664544075727465,0.35790743604302405,0.6552498216884712,-0.0012234488793183118,0.001851851851851852,-26.99999999997856,3.6628999748967788,0.01900841104798019,-10.579803480540772,0.0,0.0,0.0,66,-0.07993092015385628,-6.644506768683516,0.0,2700.0,-0.9959468856453896,0.5910040691494942,0.3223922446370125
-10.695801455686583,-10.851004545099197,1700.0,-0.21636699177324772,0.565811276435852,-7.200162866513514,-6.341093205048469,-26.989746148592573,6800.0,675.0,-0.9186373173157335,0.7736128628447552,6184568.0,-1.521965736252605,-7.305447820629657,0.0069580078125,10.506903766385367,-0.019690639432519676,0.0,0.0,-0.9345529466867447,-7.203254516202406,0.01,0.3385348804295063,0.36020257845520975,0.5861954560944639,-0.0016549400781514124,0.00037243947858472997,-27.0,3.56397461706741,0.017162911407649518,-10.470511735753552,0.0,0.0,0.0,67,-0.07966692298650742,-6.7516602834399775,0.0,2685.0,-0.9963504105806351,0.594032983481884,0.31145559176802634
-10.58604002325538,-10.737443461254877,1725.0,-0.21849702820181846,0.5665228173136712,-7.124796115166108,-5.863213949236066,-26.94122883044041,6900.0,675.0,-0.9094565379869891,0.821067369906473,6275693.0,-1.5200784655986355,-7.267185293606469,0.0076171875,10.422820566043825,-0.020229575084522368,0.0,0.0,-0.9381319582462311,-7.128769550460397,0.0,0.3403602108359337,0.362165966629982,0.5581373930488432,-0.00232290449202992,0.0,-26.999999999987345,3.2702584182966055,0.015680822310969234,-10.393522253508475,0.0,0.0,0.0,68,-0.07998398672789335,-6.737891695532943,2.44140625e-05,2700.0,-0.9966744661331177,0.5974165201187134,0.29513565376400946
-10.467668802776167,-10.621580558278419,1750.0,-0.2221463516354561,0.5707275167107582,-6.514626942521294,-7.381474517920387,-26.968169477293902,7000.0,675.0,-0.907432944093307,1.6102508777715865,6366759.0,-1.5133226064237533,-7.361810126433172,0.00712890625,10.301157033888702,-0.020016884477809072,0.0,0.0,-0.9404604151844979,-6.507234767585717,0.01,0.3416838951408863,0.3644479617476463,0.5108948687597962,-0.0026464719732757656,0.0,-26.997429346566985,3.6155534423363695,0.015961659350432457,-10.27620833122443,0.0,0.0,0.0,69,-0.07985891569405794,-5.965865978036385,2.44140625e-05,2698.0,-0.9966130524873733,0.6004761785268784,0.2845181480050087
-10.40309266023233,-10.55301713816126,1775.0,-0.2198680244386196,0.5742048650979996,-7.784082448690532,-6.706033254261985,-26.99938890691195,7100.0,675.0,-0.9005259586323519,0.45530710392662915,6457666.0,-1.5396862388435693,-7.601260525512784,0.0092529296875,10.248237308568575,-0.020682801166549324,0.0,0.0,-0.9464045733213424,-7.772903315783696,0.01,0.34308357164263725,0.3661029912531376,0.44995416298713575,-0.0034031103656161576,0.0,-27.0,3.208260322229357,0.014645625650882722,-10.225232932074196,0.0,0.0,0.0,70,-0.08111306242644786,-7.995698392464159,2.44140625e-05,2692.0,-0.9969008177518844,0.6032409906387329,0.25741343311965464
-10.102071612913155,-10.250509247865836,1800.0,-0.2215370699763298,0.5802081853151322,-7.159052712023947,-4.451656388454502,-26.999999999996152,7200.0,675.0,-0.8884841734427027,0.35308408251641216,6548791.0,-1.535974585351505,-7.696950157434005,0.007958984375,9.971053533366751,-0.021545172110199927,0.0,0.0,-0.9541835531592369,-7.158364478385304,0.0,0.3441023908555508,0.36686424612998964,0.3615116408645213,-0.0037662376882508395,0.0,-26.99999999999995,2.6019799806866417,0.012260880996473133,-9.95389822828912,0.0,0.0,0.0,71,-0.08107878770679236,-7.288709689067349,9.765625e-05,2700.0,-0.9974222585558892,0.6041472643613816,0.22194201685488224
-9.958444451710589,-10.111378975023483,1825.0,-0.22113459333777427,0.5854209735989571,-7.152462695947439,-5.103540166315102,-26.999999999463927,7300.0,675.0,-0.8833312830174691,0.35547714873854164,6639916.0,-1.522336605523742,-7.453692707207455,0.0094482421875,9.843928636743078,-0.023566912533715366,0.0,0.0,-0.9576711341738701,-7.151632849265056,0.0,0.34540645927190783,0.36919507309794425,0.35761878779283224,-0.0039439816493541,0.0,-27.0,2.636240244611122,0.011339703178964555,-9.825996765217942,0.0,0.0,0.0,72,-0.08108071237802505,-7.335854584327706,0.0004638671875,2700.0,-0.9976236760616303,0.6048962906002998,0.2060390319675207
-10.06625064390715,-10.219861633838105,1850.0,-0.22234159745275975,0.590271283686161,-7.153254311473944,-6.747132239211588,-26.9990910189294,7400.0,675.0,-0.8818728453596123,0.4051550175210445,6730912.0,-1.5423202173406025,-7.460072730709305,0.0089599609375,9.954926225399799,-0.024426782736554742,0.0,0.0,-0.960683137178421,-7.153234926994948,0.01,0.3470638059079647,0.37057691588997843,0.34744600216807137,-0.005468521686270833,0.0,-27.0,2.6567050445733207,0.010816796403378248,-9.938392161235159,0.0,0.0,0.0,73,-0.08184896279126405,-7.32153084226389,0.000439453125,2696.0,-0.997738017141819,0.6066352516412735,0.19230461344122887
-10.114778770286572,-10.270234152048555,1875.0,-0.22290473729372023,0.5914785593748093,-7.131467411926738,-5.6207897168035625,-26.996125483087155,7500.0,675.0,-0.8811507371356129,0.8628125980596584,6822033.0,-1.5357642082624807,-7.488852528764455,0.008837890625,10.009162154494788,-0.02617229735478759,0.0,0.0,-0.9585986971855164,-7.141290700932676,0.01,0.34885000213980677,0.37179297134280204,0.3643198333316339,-0.005444812017958611,0.0,-26.9993322853637,2.990835613973529,0.010530592151917517,-9.989757319753243,0.0,0.0,0.0,74,-0.08224088866263628,-6.985909598212229,0.0008056640625,2700.0,-0.9978005975484848,0.6085649192333221,0.2018094625324011
-10.205238220297232,-10.35487951935232,1900.0,-0.225456665456295,0.5938120126724243,-6.8192496811348295,-6.444089969995447,-26.983105078535544,7600.0,675.0,-0.8873015573088197,1.2050984352500198,6913158.0,-1.521534954299932,-7.41500927150796,0.00927734375,10.083548136460049,-0.02833709097467363,0.0,0.0,-0.9549828097224236,-6.835137711137463,0.0,0.3504712678492069,0.3728610806167126,0.40176656491290236,-0.005672457255423069,0.0,-26.99996646158509,3.156177197716238,0.011433131201192737,-10.066281587025646,0.0,0.0,0.0,75,-0.08243663534522057,-6.3864170784877405,0.0006591796875,2700.0,-0.9976032510399818,0.6106175795197487,0.21829756759107113
-10.261331482371707,-10.417246592340224,1925.0,-0.22349984906613826,0.5928397387266159,-6.2607278932062425,-7.4995590107278565,-26.999931045077556,7700.0,675.0,-0.8990163301612484,0.7935668318227462,7004031.0,-1.5350494166486897,-7.4875372070765795,0.0071044921875,10.113484937979894,-0.027883613621816038,0.0,0.0,-0.9519327506422997,-6.271983812308866,0.01,0.3522452741861343,0.3749949559569359,0.4549255799214721,-0.005778368446044624,0.0,-26.999999999999876,3.3403210607899156,0.012387849926017224,-10.09407453994346,0.0,0.0,0.0,76,-0.08254524264484644,-5.769974638434484,0.0004638671875,2691.0,-0.9973944947123528,0.6132364109158516,0.23220549188554288
-10.382562480863456,-10.533258004610492,1950.0,-0.22260743603110314,0.5971769273281098,-6.620752865596205,-7.125295302385655,-26.99992907492504,7800.0,675.0,-0.9044981705548707,0.8962683604385131,7095156.0,-1.5189673799293815,-7.484867477995653,0.0053466796875,10.217965886977453,-0.029509180784225465,0.0,0.0,-0.950892049074173,-6.6237662097075,0.0,0.3549919493496418,0.37805177122354505,0.44614275026995215,-0.00604644026607275,0.0,-27.0,3.3217135016703487,0.012382463016547263,-10.196158505570285,0.0,0.0,0.0,77,-0.08331455737352371,-6.188509751771414,0.000390625,2700.0,-0.9973956704139709,0.6155811443924903,0.2369509596377611
-10.465308526731224,-10.621295813715745,1975.0,-0.22262566424906255,0.6012280777096748,-6.969760317209358,-6.939345844516562,-26.565284624737057,7900.0,675.0,-0.9105096217506798,0.86877848856504,7186281.0,-1.5333570687540488,-7.395307368732524,0.0061767578125,10.292452649153768,-0.029413111601024867,0.0,0.0,-0.9475359871983529,-6.972764277638779,0.0,0.35706896856427195,0.3796142503619194,0.45309570397631094,-0.005700555781368166,0.0,-27.0,3.20560349980362,0.012497238744981588,-10.270140489160479,0.0,0.0,0.0,78,-0.08368777260184287,-6.571195882761449,0.000390625,2700.0,-0.9973705813288689,0.6180744379758835,0.2522542752325535
-10.142536177469358,-10.295511538259898,2000.0,-0.22373708561062813,0.6023580804467201,-6.691584873866077,-7.36233135352828,-26.96739966047678,8000.0,675.0,-0.9049123628021334,1.1806050551391192,7277406.0,-1.5255591545523202,-7.463505872362798,0.0056396484375,9.970312863905297,-0.029503567423671485,0.0,0.0,-0.9512907817959786,-6.700485797415143,0.0,0.35968268662691116,0.3813496008515358,0.41850880378666383,-0.004231868439819664,0.0,-26.993278278399664,3.3797218173913977,0.011159409466199578,-9.95000711006044,0.0,0.0,0.0,79,-0.08416149653494358,-6.228837724857081,0.0002197265625,2700.0,-0.9976630926132202,0.6202369913458824,0.23513277247548103
-10.180934207250981,-10.335242589503805,2025.0,-0.22362730354070665,0.6012996196746826,-6.220218768222187,-6.662437821358813,-26.980091081719554,8100.0,675.0,-0.902206357877003,0.9745537587229318,7368187.0,-1.5194674974984081,-7.451215197563047,0.00615234375,10.016394291780298,-0.03076688414439559,0.0,0.0,-0.9516809463500977,-6.2161641156429255,0.01,0.3618139706552029,0.3827239252626896,0.37608036441602566,-0.00414583976380527,0.0,-26.9904037933816,3.473974202797416,0.010800320678390563,-10.000612400091091,0.0,0.0,0.0,80,-0.08498529959470033,-5.590654255600124,0.0005615234375,2688.0,-0.9977416291832923,0.6209686174988747,0.23335368633270265
-10.215312398929104,-10.368726687030534,2050.0,-0.22479945085942746,0.6011476084589958,-6.330292223034876,-7.49185598636818,-26.99874199163341,8200.0,675.0,-0.9004336158526712,0.925134502869436,7459050.0,-1.5394814089813735,-7.408722501018503,0.0055908203125,10.061021146434607,-0.03092779885046184,0.0,0.0,-0.9520233884453774,-6.331450674934362,0.02,0.3639570206403732,0.38331756442785264,0.37328381292459445,-0.003982607601210475,0.0,-26.99976495531092,3.592179468034402,0.01081692143343389,-10.03724504121311,0.0,0.0,0.0,81,-0.08552887924015522,-5.722890248473346,0.0006591796875,2691.0,-0.9977379769086838,0.6214904516935349,0.2317921806126833
-10.210146020637618,-10.360720945184944,2075.0,-0.22604212425649167,0.6017922356724739,-6.594423250891063,-7.40230993957018,-26.99175928869001,8300.0,675.0,-0.9008389445123612,1.2562505279287746,7549540.0,-1.5406913142978738,-7.48033119649528,0.006689453125,10.04782180994608,-0.030920165264979003,0.0,0.0,-0.9503244236111641,-6.590954852458411,0.02,0.36647127792239187,0.3843579426407814,0.3747282008873767,-0.003500201238784939,0.0,-26.99886290543548,3.698849950784832,0.011062227305956185,-10.02678384698319,0.0,0.0,0.0,82,-0.08647229764610528,-6.049734562209441,0.0005126953125,2677.0,-0.9976843535900116,0.6228187158703804,0.23953929990530015
-10.16092550568518,-10.311223718856994,2100.0,-0.22454407960176467,0.6047975614666938,-6.834552110356836,-7.265856566089345,-26.97126928063702,8400.0,675.0,-0.8963633311796002,0.9315176591057599,7640665.0,-1.533899440083769,-7.465430274873844,0.0064208984375,10.013186819510363,-0.031782396417111156,0.0,0.0,-0.9540615573525428,-6.839059161876969,0.0,0.3681027203798294,0.3849229998886585,0.4170439530753834,-0.003386680030962452,0.0,-26.9999999976413,3.6056710721148937,0.010551754478365183,-9.994651039278187,0.0,0.0,0.0,83,-0.08708678744733334,-6.316055647028682,0.0002197265625,2700.0,-0.9977959722280503,0.6245772704482079,0.22249834463000298
-10.249317684328208,-10.402159153210649,2125.0,-0.22423304356634616,0.6048865586519241,-6.462901082813147,-7.051892877417324,-26.99998166801612,8500.0,675.0,-0.9004133447771892,0.7297641334469356,7731425.0,-1.5186158176045865,-7.400876734031644,0.00634765625,10.089980745399396,-0.03212517555803061,0.0,0.0,-0.951936973631382,-6.467662299801859,0.01,0.3706530638039112,0.3856670692563057,0.4405826561461487,-0.0029524609504733234,0.0,-26.999999958240007,3.5136406087821412,0.011238281801342963,-10.074834981744562,0.0,0.0,0.0,84,-0.0876950554549694,-5.906656414324663,0.0004638671875,2687.0,-0.997645853459835,0.6259700044989586,0.23218621872365475
-10.227843783704438,-10.375996291061558,2150.0,-0.22321433648467065,0.6061867669224739,-7.083419682863015,-6.978991067236574,-26.988659812186494,8600.0,675.0,-0.8968246559481485,0.7760944163327014,7822550.0,-1.5315054750164563,-7.526680614584219,0.0076416015625,10.075350754762121,-0.03250652933493257,0.0,0.0,-0.9555082738399505,-7.081218104962576,0.0,0.37457272633910177,0.38692297637462614,0.370981968371045,-0.0024389778554905206,0.0,-26.999999999999993,3.065652229968033,0.010716131865046918,-10.060264872940285,0.0,0.0,0.0,85,-0.08792310226708651,-6.788857085447381,0.000537109375,2700.0,-0.9977600231766701,0.6281028181314469,0.21590145714581013
-10.047029842520221,-10.201189460135422,2175.0,-0.22462280578911303,0.6093301564455033,-6.565781287669894,-6.9238666675887695,-26.999999223741874,8700.0,675.0,-0.8876412865298334,0.899118698545579,7913675.0,-1.5279172468894102,-7.484063757184377,0.0075439453125,9.912435509556863,-0.033149981312453745,0.0,0.0,-0.960033868253231,-6.595705547057321,0.0,0.3768629223108292,0.3876869216561317,0.3056402118365599,-0.0029973045689985155,0.0,-26.999999986516748,3.1523773072496653,0.009510367270559072,-9.900388303014399,0.0,0.0,0.0,86,-0.08885050639510154,-6.390592979484849,0.0004638671875,2700.0,-0.99802365899086,0.6300104141235352,0.19526522420346737
-9.958421593516968,-10.111216671389204,2200.0,-0.2245077807456255,0.611122639477253,-6.099100822066407,-6.739658910747266,-26.999118457654944,8800.0,675.0,-0.8806386842901702,0.4991189107100755,8004800.0,-1.5433811028480704,-7.458077082095629,0.006591796875,9.84690896812944,-0.033535891026258466,0.0,0.0,-0.9620813876390457,-6.094766860621702,0.0,0.37899410650134085,0.387531802803278,0.29294988955701406,-0.003277682070620358,0.0,-27.0,3.341142995210795,0.008367991785053163,-9.83179420579948,0.0,0.0,0.0,87,-0.08963484093546867,-5.871129615048889,0.000634765625,2700.0,-0.9982734516263008,0.631168146431446,0.18592878617346287
-9.982413485677043,-10.141229876442925,2225.0,-0.22624655328691007,0.6142471507191658,-6.604726783188738,-7.382394805475194,-26.999255094367285,8900.0,675.0,-0.8778958672337467,0.35609448136187094,8095925.0,-1.5243033059734443,-7.502323205850609,0.006103515625,9.8795753247684,-0.033441494964063165,0.0,0.0,-0.9619128674268722,-6.612065236589379,0.0,0.38191362023353576,0.38832114413380625,0.2606204239478064,-0.0028986933582928033,0.0,-27.0,3.53603451468639,0.008196158742066473,-9.863451132078719,0.0,0.0,0.0,88,-0.08962377477437258,-6.595030909425534,0.0006591796875,2700.0,-0.998311024904251,0.632391420006752,0.18669716753065585
-9.942662881122999,-10.092675432841276,2250.0,-0.22743667773902415,0.619024096429348,-6.675682802513751,-7.098277259009108,-26.999999991508727,9000.0,675.0,-0.8739455565664684,0.3582890708975386,8187050.0,-1.5283673635531159,-7.46802228313324,0.009423828125,9.843506982257164,-0.03398864986374974,0.0,0.0,-0.964247316122055,-6.680077734050771,0.0,0.38430195748806,0.38882495313882826,0.2601030157410604,-0.0024958575319033115,0.0,-26.999999999794912,3.50305254570116,0.007497151766438037,-9.834536789626393,0.0,0.0,0.0,89,-0.08943942841142416,-6.708407676643961,0.0008056640625,2700.0,-0.9984638750553131,0.6334982231259346,0.17605238929390907
-9.802824893970095,-9.95581072578419,2275.0,-0.22699893079698086,0.6216828167438507,-6.82331804204848,-7.435587107457223,-26.999996902385032,9100.0,675.0,-0.8706889378823689,0.48718974368511453,8278175.0,-1.5319877803951385,-7.355957749328861,0.0056640625,9.70523977755207,-0.03476926451548934,0.0,0.0,-0.9660064920783042,-6.817581271187999,0.0,0.3862232878804207,0.3898915134370327,0.2362172826870995,-0.002607924258336425,0.0,-27.0,3.5720797936011843,0.007443720137234777,-9.696569621453852,0.0,0.0,0.0,90,-0.08897084426134824,-6.809366754997251,0.000927734375,2700.0,-0.9984755530953408,0.6339171245694161,0.16803067103028296
-9.971534774379165,-10.125540853196384,2300.0,-0.22744544148445128,0.6235649600625038,-6.403676019972695,-7.352706688928594,-26.99999617628106,9200.0,675.0,-0.8749619761918439,0.48934611644778697,8369300.0,-1.5239377810688892,-7.498543701572157,0.0068115234375,9.86779871274779,-0.034773253835737705,0.0,0.0,-0.9651852592825889,-6.4040690859174445,0.0,0.38835676833987237,0.39000169932842255,0.2404768923656852,-0.003166949941078201,0.0,-26.983525884183408,3.3721017677166514,0.007551853428594768,-9.854659371586465,0.0,0.0,0.0,91,-0.08912520054727793,-6.266883029185922,0.0006103515625,2700.0,-0.9984518945217132,0.6340659707784653,0.1717753630131483
-9.810851316761381,-9.959825067465289,2325.0,-0.22795246504247188,0.6266642734408379,-6.247271377058681,-7.375456454685975,-26.992426906470655,9300.0,675.0,-0.8764715821176651,0.4392425383210686,8460425.0,-1.5537771847906696,-7.445404657410383,0.0054931640625,9.694503691022494,-0.035334364883601664,0.0,0.0,-0.9642077922821045,-6.251145452589615,0.0,0.3908980265259743,0.3912009857594967,0.2462984245094742,-0.003326401533558965,0.0,-27.0,3.4351148507436733,0.007911616622004658,-9.684756562536066,0.0,0.0,0.0,92,-0.0894915359094739,-6.0785748432267654,0.0005859375,2700.0,-0.9983732402324677,0.6348134890198708,0.17623254619538783
-9.965398522167346,-10.120318080745822,2350.0,-0.22996498234570026,0.6300510480999947,-6.332555913999411,-7.611919909987445,-26.933593712748955,9400.0,675.0,-0.8789205256995046,0.6431173244598208,8551550.0,-1.532120996019512,-7.456684784995989,0.00654296875,9.844447780971631,-0.035757084097713235,0.0,0.0,-0.9651261791586876,-6.3313702513672085,0.0,0.39265451207756996,0.39202720373868943,0.2331360335192369,-0.0029129421920515595,0.0,-26.996669765145466,3.4146527562927056,0.0077539975987747315,-9.830690702831959,0.0,0.0,0.0,93,-0.090002466365695,-6.219466282707289,0.0009765625,2700.0,-0.9984077081084252,0.6357992991805077,0.17204485088586807
-9.917953663131263,-10.067413070815626,2375.0,-0.2311583261936903,0.6346751779317856,-6.284898555673279,-7.403977055934737,-26.971308540884976,9500.0,675.0,-0.8769953712064307,0.5339252270318845,8642675.0,-1.5369964179320958,-7.544125247013265,0.006201171875,9.798289072173839,-0.03638732545077801,0.0,0.0,-0.9637654080986977,-6.284460293438379,0.0,0.395814398676157,0.39338346421718595,0.2311873412512865,-0.0017969745764276012,0.0,-26.999999999920004,3.3163908938516045,0.007769529125653207,-9.788585281289594,0.0,0.0,0.0,94,-0.09054789114743471,-6.139556084416282,0.000927734375,2700.0,-0.9984043151140213,0.6374447599053383,0.17824979797005652
-9.899329378719925,-10.053256938291621,2400.0,-0.2316070806235075,0.6365994527935982,-6.264193519744026,-7.186952061561112,-26.991532687267117,9600.0,675.0,-0.8782085846993141,0.9178936216080091,8733800.0,-1.5245620030407736,-7.432112442504785,0.0053955078125,9.780222920146654,-0.03701293133199215,0.0,0.0,-0.9605650931596756,-6.266500834698003,0.0,0.39830639213323593,0.39366059750318527,0.24424547388522494,-0.0016716009675292298,0.0,-27.0,3.358583478780351,0.008261825714726001,-9.767085331634382,0.0,0.0,0.0,95,-0.09030900057405233,-5.955578525335672,0.0007080078125,2700.0,-0.9982966601848602,0.6395168393850327,0.192842897772789
-9.934093365195036,-10.087681798032017,2425.0,-0.23290544748306274,0.6372510597109795,-6.368437512573541,-7.111792197425785,-26.98356754522348,9700.0,675.0,-0.8832746051528375,0.6377078289512189,8824734.0,-1.5209399297193158,-7.412358855509022,0.0056884765625,9.803111739495751,-0.03593483734875917,0.0,0.0,-0.9574690580368042,-6.3727727258642854,0.01,0.3999161995947361,0.3937828324735165,0.28552147254242577,-0.0019386460131499915,0.0,-27.0,3.4600874113469517,0.009080011397600174,-9.788679077900188,0.0,0.0,0.0,96,-0.0912397725507617,-6.1204122390382105,0.0005615234375,2693.0,-0.9981177657842636,0.6416971325874329,0.20696049444377423
-9.942573179848122,-10.086164414809508,2450.0,-0.23456058129668236,0.6388905927538872,-6.311122477965044,-7.432107543569495,-25.994357576021255,9800.0,675.0,-0.883109136717394,0.5061226132954473,8915859.0,-1.5171434033589322,-7.489902091206359,0.007373046875,9.829916037203585,-0.03493419829756021,0.0,0.0,-0.956907357275486,-6.314369161077925,0.0,0.4011766143143177,0.3931147962808609,0.48121082354421507,-0.004938308137934655,0.0,-26.86380084066811,3.4434426100450204,0.009530743700452149,-9.818464924504847,0.0,0.0,0.0,97,-0.09129888787865639,-6.0143729755192705,0.00029296875,2700.0,-0.9980192184448242,0.6435738861560821,0.20952182076871395
-10.108252044072033,-10.254729025988018,2475.0,-0.2344410326331854,0.6402307778596878,-6.55626568174697,-7.4444833403772845,-26.42840760232364,9900.0,675.0,-0.8859489852591651,0.5263217620096874,9006912.0,-1.5311352186850855,-7.4639507225660555,0.0051513671875,9.98256121617447,-0.03252037484198809,0.0,0.0,-0.9539403796195984,-6.560391491053108,0.01,0.4054059311747551,0.39292885810136796,0.3860595225730308,-0.0018935073516331614,0.00037064492216456633,-26.999882252333233,3.5954463360562885,0.010190228372812271,-9.963851711990523,0.0,0.0,0.0,98,-0.09144482165575027,-6.2635327803551135,0.00048828125,2698.0,-0.997875015437603,0.6442741319537163,0.22305089496076108
-10.112914530543526,-10.261437959712392,2500.0,-0.234473417699337,0.6415376633405685,-7.138666265634501,-7.411982970212996,-26.95910495968671,10000.0,675.0,-0.8883828721838654,0.4982979011738108,9098037.0,-1.531871129686624,-7.476290308288504,0.005517578125,9.973895955533767,-0.030868081003427507,0.0,0.0,-0.9520325928926467,-7.139656652170449,0.0,0.4068607233464718,0.39336771219968797,0.33929206704482806,-0.0007854187380871736,0.0,-26.954722765524124,3.7161552285483546,0.01068270425312221,-9.955915196412075,0.0,0.0,0.0,99,-0.09207386672496795,-6.923882793873719,0.0002685546875,2700.0,-0.9977673351764679,0.6449455708265305,0.2317501813173294
