train/success_rate,train_0/reward,train_0/current_q,train_0/fw_bonus,train_1/reward_-1.0_frac,train_1/fw_loss,train_0/q_grads,train_1/q_grads_std,train_0/next_q,test/success_rate,train_1/reward_-0.0_frac,train_1/mu_grads_std,train_0/mu_grads,train_0/mu_grads_std,train_1/mu_grads,train_1/q_loss,test_1/n_subgoals,train_1/subgoal_succ_rate,train_0/fw_loss,train_0/reward_-0.0_frac,train_1/target_q,test_1/avg_q,train_1/current_q,train_1/n_subgoals,train_0/reward_-1.0_frac,train_0/avg_q,train_1/mu_loss,policy/steps,train_0/q_grads_std,epoch,train/episodes,train_0/mu_loss,train_1/fw_bonus,test/episodes,train_1/reward_-27.0_frac,train_0/q_loss,train_1/next_q,test_0/avg_q,train_0/target_q,test_1/subgoal_succ_rate,train_1/avg_q,train_1/reward,train_1/q_grads
0.05,-0.8785736365098273,-4.750817158699593,-0.9986043646931648,0.003076171875,0.0015120600233785807,0.02729930798523128,0.23386266455054283,-4.505728888908992,0.0,0.0,0.1537063229829073,-0.006823617604095489,0.1667235653847456,0.02268810449168086,10.542074127955695,813.0,0.07288519637462236,0.0003359651702339761,0.0,-7.811690273997598,-7.7523427129326885,-7.775237798266597,2648.0,7.32421875e-05,-2.8591711414080523,8.491073237773133,85696.0,0.14918869435787202,0,100.0,4.4672326292824796,-0.994393627345562,25.0,0.0,0.43127285071235716,-8.387126966846969,-0.7997695818505639,-4.76841483058339,0.17466174661746617,-5.200785757302671,-1.5676702267897782,-0.004769267502706498
0.16,-0.8894616445453721,-5.984196343735894,-0.998497697710991,0.0032958984375,0.0014890898746671155,0.02642038566991687,0.2923977576196194,-5.70446877412529,0.04,0.0,0.19753388166427613,-0.006288119754754007,0.20889818146824837,0.019900420401245355,13.817498137387588,7729.0,0.10064153969526865,0.0003612916036217939,0.0,-9.365331994032061,-4.955720252394791,-9.228837826676251,2494.0,0.0,-6.328633490210376,10.673999393233785,166618.0,0.16846082732081413,1,200.0,5.781403625475701,-0.9945174783468247,50.0,0.0,0.37739227064445896,-10.646757865460529,-1.819543881708431,-5.919889666523376,0.9519989649372493,-7.452841506833914,-1.529500175081921,-0.010094242170453072
0.38,-0.8948947317883722,-3.309860784846316,-0.9982385456562042,0.0023193359375,0.0017214319232152775,0.024009308451786636,0.3318732626736164,-3.0277549578192926,0.0,0.0,0.22258865050971507,-0.016585464403033257,0.22782700024545194,0.019095557695254683,9.443816541976224,684.0,0.26732673267326734,0.0004228129102557432,0.0,-8.952698723301152,-3.2157256911572887,-8.84939557705238,2222.0,0.0,-9.809164426241631,10.058560143358454,233081.0,0.17834670953452586,2,300.0,3.075392196440641,-0.9932647466659545,75.0,0.0,0.5035365672458149,-10.076452486030904,-0.852315455966561,-3.392286734937808,0.013157894736842105,-5.426196063424059,-1.4719077833709888,-0.010911732446402311
0.46,-0.8980675110695302,-5.974685839977748,-0.9982371434569359,0.00244140625,0.0015991004649549723,0.0249599932692945,0.36243453472852705,-5.618640262886613,0.08,0.0,0.23716969303786756,-0.015371269220486284,0.24549515843391417,0.01847914713434875,6.325190746579968,7906.0,0.16375648890986313,0.0004231450191582553,0.0,-9.193927042004526,-4.644303672376651,-9.132858277761624,2119.0,2.44140625e-05,-6.606586852261861,10.003019605015435,301585.0,0.18417289145290852,3,400.0,5.749967804407219,-0.9939243242144584,100.0,0.0,0.3149302848430262,-9.988982853300593,-1.8728922343349186,-5.93101810804653,0.9533265874019732,-5.014476673686718,-1.45678968186985,-0.010836381232365966
0.47,-0.9023401492333505,-5.032906485997357,-0.9983106210827828,0.0031982421875,0.001762028579832986,0.02507797395810485,0.3861238330602646,-4.717461509026501,0.08,0.0,0.24362784400582313,-0.025273344572633506,0.26370165720582006,0.01453065061941743,5.63813453229452,1445.0,0.22005703422053233,0.00040570068449596874,0.0,-9.42995922398463,-4.620145036633521,-9.364369346701746,2104.0,0.0,-9.434950473363397,10.104765079421686,366895.0,0.1897658284753561,4,500.0,4.762085808677497,-0.9930458471179009,125.0,0.0,0.43443869522615836,-10.077562018853566,-1.234061128152881,-5.073684983663881,0.5806228373702422,-5.405444204942736,-1.4759123176307185,-0.011609847610816359
0.57,-0.9038598805782385,-5.483739877458736,-0.9983838185667991,0.0030517578125,0.0017785656586056576,0.027268597530201076,0.40546201914548874,-5.143390884839336,0.0,0.0,0.2509743243455887,-0.039879545010626315,0.26712272986769675,0.011683205212466418,4.354299922223259,2301.0,0.2046875,0.0003883264129399322,0.0,-9.117525283202681,-3.906376118108147,-9.026440835709618,1920.0,4.8828125e-05,-8.297189046434905,9.60303002851473,429307.0,0.19761258959770203,5,600.0,5.286903621430828,-0.9929566904902458,150.0,0.0,0.42839011802118565,-9.60070265955719,-2.313621373199023,-5.450480857608268,0.7366362451108214,-5.443639423872719,-1.4561066738839146,-0.012170029804110527
0.48,-0.9061680300961598,-5.6563339709584195,-0.9985397964715957,0.0030517578125,0.0017255175160244107,0.02900843839161098,0.42077707722783086,-5.304843477516024,0.0,0.0,0.2605723269283772,-0.04598760101944208,0.2823182366788387,0.010327860782854258,4.047489469895622,703.0,0.2347036328871893,0.0003512949107971508,0.0,-9.151111351914654,-3.3891921209173943,-9.084377662763524,2092.0,0.0,-9.373497990274391,9.452139226132328,494221.0,0.20852356404066086,6,700.0,5.4513087178262065,-0.9932427078485488,175.0,0.0,0.46201008197792043,-9.441591395222789,-2.0446425494287017,-5.588083533058499,0.03982930298719772,-5.307830274025183,-1.4336527356033912,-0.012793048238381743
0.54,-0.9104666952014668,-5.694959258530494,-0.9985666036605835,0.00263671875,0.0017821452667703852,0.027416363591328263,0.4297518864274025,-5.313082495954603,0.04,0.0,0.2695391371846199,-0.045502381306141614,0.30843901336193086,0.008434357843361795,3.406401046154401,7931.0,0.18503937007874016,0.0003449321797234006,0.0,-8.908398577939169,-3.9516397911956345,-8.877380490399945,2032.0,7.32421875e-05,-8.835075805397844,9.014646069149158,559240.0,0.21581708937883376,7,800.0,5.470103559674305,-0.9929373770952225,200.0,0.0,0.45993914751261283,-8.986088630007908,-1.7559153175700164,-5.615949419966905,0.9543563232883622,-4.932714148846539,-1.4294259382477321,-0.013830376649275422
0.57,-0.9113876515693846,-5.991289300513987,-0.9985982522368431,0.0036865234375,0.0017399005009792745,0.028678727336227894,0.4374244064092636,-5.633782127247313,0.0,0.0,0.27288866341114043,-0.052766162995249034,0.3194634333252907,0.005472770542837679,2.9945107236051087,1366.0,0.24066599394550958,0.0003374175488715991,0.0,-8.478564429591774,-2.9444329765633053,-8.375387413707926,1982.0,2.44140625e-05,-9.696303567128822,8.365790260606655,621887.0,0.2254255920648575,8,900.0,5.806303769688064,-0.9931651651859283,225.0,0.0,0.551200202422313,-8.332941488704176,-2.6500584779975376,-5.899807714287649,0.5256222547584187,-4.9997871794587025,-1.4182381279075345,-0.01651625344529748
0.64,-0.9143903599848272,-5.854435093074218,-0.9987363010644913,0.0031494140625,0.0015924252715194599,0.028324827924370764,0.4456848815083504,-5.4688161094265855,0.12,0.0,0.27980767786502836,-0.05524965040385723,0.3317814253270626,0.0028221656451933087,2.6097220285994815,1459.0,0.25419287211740044,0.00030464326409855856,0.0,-7.783048966776869,-4.940744894994404,-7.721392793158344,1908.0,0.0005859375,-9.578695668655515,7.584995863778187,681654.0,0.232717040553689,9,1000.0,5.637479446348931,-0.9939603090286255,250.0,0.0,0.5064974803374425,-7.527394053898507,-1.8342081614040633,-5.771739330994498,0.5935572309801234,-4.785831552891686,-1.4048818602925166,-0.01750667323358357
0.61,-0.9143431979769957,-6.303501290211448,-0.9988687187433243,0.0030517578125,0.0015036354656331242,0.028864718088880182,0.4527556926012039,-5.890557961212385,0.12,0.0,0.28991707116365434,-0.06099294666200876,0.3490245945751667,-0.0017869478004286065,2.6211167277680074,666.0,0.25118483412322273,0.0002732034725340782,0.0,-7.837383574296458,-2.727025633639279,-7.802386171463087,1899.0,0.000390625,-9.633888422411324,7.587101436335144,741937.0,0.24432399086654186,10,1100.0,6.092576909801774,-0.9944390654563904,275.0,0.0,0.3715031815744223,-7.585734732775521,-1.9707622988225788,-6.267489776155352,0.009009009009009009,-5.135989416447234,-1.4005717249907321,-0.021228794008493423
0.48,-0.9147619515802944,-3.695026835795846,-0.9987923055887222,0.0032958984375,0.0015219224645989017,0.028419858310371637,0.4652929425239563,-3.4303535431299688,0.0,0.0,0.29841483682394027,-0.06285601239651442,0.3638053685426712,-0.007526876335032284,2.1007936384329673,675.0,0.16595542911332384,0.0002913478558184579,0.0,-8.229776547466583,-2.9566530675174807,-8.179640500633813,2109.0,0.00029296875,-9.207892766613124,8.042923764186902,810642.0,0.25200660303235056,11,1200.0,3.4538812949863447,-0.9943404495716095,300.0,0.0,0.8204484875028519,-8.030953425563752,-1.9260536371667294,-3.6589725811090488,0.0,-4.830791611849611,-1.4000522175410879,-0.02420193199068308
0.16,-0.9111403019895079,-3.962498041200747,-0.9988137081265449,0.002734375,0.0019876563776051624,0.028607946168631316,0.4758609510958195,-3.626725751399666,0.04,0.0,0.30944590717554094,-0.06565337367355824,0.36911240592598915,-0.010497046750970185,2.903761180807886,659.0,0.07261904761904762,0.00028626876046473627,0.0,-9.34284617402635,-3.7259211138552257,-9.274860695443255,2520.0,0.0007568359375,-4.081411236471237,9.467314885476487,892712.0,0.2551115766167641,12,1300.0,3.6775576242975037,-0.9918293058872223,325.0,0.0,0.6176082190739514,-9.458996509454563,-1.174128253064045,-3.8965851521301134,0.0030349013657056147,-5.283532295484943,-1.405993560711795,-0.02587275942787528
0.08,-0.906326982282917,-3.5864653626355603,-0.9989063635468483,0.0025146484375,0.002111484782653861,0.02858737614005804,0.48880007266998293,-3.25361298889527,0.0,0.0,0.3222498089075089,-0.0663078298792243,0.3770390793681145,-0.015315998787991702,2.86607183703811,701.0,0.08012326656394453,0.00026427130978845526,0.0,-9.925997802218617,-5.681109867326386,-9.797784238067555,2596.0,0.0033447265625,-2.9014964965607297,10.484919240863471,976776.0,0.25491372123360634,13,1400.0,3.3024986744510216,-0.9911616504192352,350.0,0.0,0.5240033179648242,-10.466653034054023,-1.6002929612500254,-3.539637508950996,0.03851640513552068,-5.419083301876479,-1.448839983552898,-0.02708876533433795
0.37,-0.9028711701233988,-4.791833557553336,-0.9988396227359772,0.0024169921875,0.00198456002981402,0.02842321996577084,0.505651667714119,-4.492618138291932,0.0,0.0,0.33060559183359145,-0.05912931999191642,0.3952521540224552,-0.01696862201206386,2.4970246513012384,675.0,0.09301227573182247,0.0002801143789838534,0.0,-9.323294629468414,-5.8666283331145275,-9.21756345970543,2118.0,0.000830078125,-5.184510543841681,9.719826564198504,1048045.0,0.25908396765589714,14,1500.0,4.590096733653108,-0.9918460085988045,375.0,0.0,0.6081400043840774,-9.692116667273545,-1.8783258928962014,-4.69687946523289,0.0,-6.3031621407378475,-1.4479494418279502,-0.02900042776018381
0.54,-0.9023306714938372,-4.4834353623277305,-0.9988595187664032,0.0029052734375,0.002034700004151091,0.028415946243330836,0.5193493142724037,-4.156126653752251,0.0,0.0,0.34220014214515687,-0.06349605340510607,0.39925300553441045,-0.020097401225939393,2.2112912008761065,675.0,0.17421259842519685,0.00027539115435502024,0.0,-9.4011062312991,-5.339897075768215,-9.281328465601584,2032.0,0.0015625,-6.22895118488464,9.797918606593827,1114290.0,0.26101638153195383,15,1600.0,4.2562043054942125,-0.9915756583213806,400.0,0.0,0.38265000202903837,-9.779854479861132,-1.2351257427381608,-4.500299138920075,0.0,-6.397939444962686,-1.451707863478805,-0.0286345936357975
0.56,-0.9047058563941391,-4.298362891437438,-0.998925830423832,0.0026611328125,0.0019054900476476178,0.02842947281897068,0.5330789238214493,-3.9535602740792415,0.0,0.0,0.3491015523672104,-0.06832481864839793,0.4041895501315594,-0.022121806629002094,2.230226005496185,675.0,0.19522776572668113,0.00025964447850128635,0.0,-9.732880110737863,-5.644098916761739,-9.620478586126456,1844.0,0.000927734375,-6.035310118611735,10.203441030869879,1175456.0,0.2618098981678486,16,1700.0,4.025620395008408,-0.9922723203897477,425.0,0.0,0.5239485660638733,-10.193894111893545,-1.5356292639149507,-4.219929858188571,0.0,-6.537791055635298,-1.468160546310537,-0.029480399563908577
0.76,-0.905311585655727,-4.359620228375197,-0.9990010663866997,0.0032470703125,0.0016899139969609677,0.02890626466833055,0.544445876777172,-4.048767075561175,0.12,0.0,0.3548027239739895,-0.06918546110391617,0.4125365994870663,-0.02357055931352079,2.04638187209856,910.0,0.20902612826603326,0.0002417874875391135,0.0,-9.382820885400315,-6.218753760179096,-9.258081194859328,1684.0,0.0011962890625,-4.36083692339087,9.810827315869798,1231869.0,0.266256582736969,17,1800.0,4.139406831499931,-0.9934346795082092,450.0,0.0,0.5777872999332889,-9.781991866586523,-1.7524667049692557,-4.2904054171681505,0.2857142857142857,-6.4531942205098565,-1.4547439751739148,-0.031570683140307663
0.79,-0.9026953082764522,-4.303587673172207,-0.9989469289779663,0.00322265625,0.0017343737476039679,0.029649000335484742,0.5517256751656532,-3.983960505105962,0.04,0.0,0.3605549894273281,-0.0721980096772313,0.41686476990580557,-0.026341103482991457,1.8500198094927562,773.0,0.26454293628808867,0.00025463719066465273,0.0,-9.709060054125036,-6.617585261823408,-9.608461592144389,1444.0,0.001708984375,-3.890149934557182,10.303208487926867,1281146.0,0.2696001298725605,18,1900.0,4.083522691762591,-0.9931949511170387,475.0,0.0,0.477367031854965,-10.296071756350324,-1.7659062383458233,-4.268774634899634,0.13971539456662355,-6.860642620364233,-1.4512133566488046,-0.03233024533838034
0.53,-0.9031207108768285,-4.673058029387572,-0.9989851683378219,0.0024658203125,0.0018659450870472938,0.029663449665531517,0.5623083904385566,-4.328285314121487,0.0,0.0,0.3662732630968094,-0.07595733348280191,0.4204872764647007,-0.02785687558352947,1.514139220699255,772.0,0.21123260437375746,0.00024556062162446325,0.0,-9.090316210702492,-5.226906385933279,-9.008335415559916,2012.0,0.0010009765625,-5.4850252711862915,9.481382289790332,1345761.0,0.27497547641396525,19,2000.0,4.4230196197073495,-0.992485548555851,500.0,0.0,0.42519321247052344,-9.48141350629055,-1.4765438348741944,-4.628814221813108,0.13082901554404144,-6.709807889588375,-1.4479103049641708,-0.03420110149309039
0.4,-0.902906656289997,-4.017059192967514,-0.9990659698843956,0.0030029296875,0.0018319080816581845,0.029456592071801423,0.5655916035175323,-3.684079489283748,0.04,0.0,0.3713604502379894,-0.07564966715872287,0.4300213284790516,-0.028369469009339808,2.1742366770621993,701.0,0.185,0.00022637698493781498,0.0,-7.848466138765646,-4.278349156918271,-7.788564349800805,2200.0,0.0014404296875,-3.7798295670956725,7.736439603683446,1414616.0,0.2800027906894684,20,2100.0,3.77370724491997,-0.9926690638065339,525.0,0.0,0.5518181831730207,-7.697022588076649,-1.7681628844975594,-3.9449797203709807,0.08416547788873038,-6.192861620602505,-1.4227549764691503,-0.03765649981796741
0.56,-0.9045897799776867,-3.8609291875080105,-0.9989663735032082,0.0030517578125,0.0017710262269247322,0.02954855365678668,0.5773974254727363,-3.5030887180786126,0.0,0.0,0.3746190957725048,-0.07925489041954278,0.44001088961958884,-0.028919404884800316,1.4452962019179671,675.0,0.23043712898003238,0.00025001918111229316,0.0,-8.20380567282931,-5.529870943245152,-8.119261127889533,1853.0,0.0027587890625,-3.8472936944595952,8.20351151962284,1474352.0,0.284679152071476,21,2200.0,3.610413383337243,-0.9929973423480988,550.0,0.0,0.5209527077459736,-8.169913427101758,-1.3698442969615825,-3.8075829781451502,0.0,-5.880894187814168,-1.4359955604391872,-0.03778680609539151
0.41,-0.9066229812640814,-3.96506138325084,-0.9990487277507782,0.003271484375,0.0017125433136243374,0.029355147620663047,0.5836043149232865,-3.60069971386106,0.04,0.0,0.38336878567934035,-0.07993424329906702,0.4499197661876678,-0.030298175336793066,1.6112607026159211,663.0,0.2512147716229349,0.00023046771639201324,0.0,-7.631028945996009,-5.417274119635877,-7.514784617106099,2058.0,0.002734375,-4.02862911382822,7.53607704376098,1537463.0,0.28927031904459,22,2300.0,3.700805429083786,-0.9933126524090767,575.0,0.0,0.5283506320474795,-7.4856198942374785,-1.714453474648021,-3.912460570045371,0.0015082956259426848,-6.237969882563498,-1.4081558845384279,-0.036832302901893856
0.45,-0.9023164083628217,-3.9840083041028764,-0.9991497546434402,0.0028564453125,0.0017926622880622745,0.029014077503234148,0.5899701789021492,-3.6512179880309583,0.0,0.0,0.39530752375721934,-0.08487911503762006,0.4530041702091694,-0.030389333004131915,1.1031220663763086,675.0,0.16452686638135997,0.0002064891526970314,0.0,-7.963557117488324,-5.695336383152408,-7.8592966003834075,2103.0,0.009521484375,-3.17602012125874,7.917221161272158,1605339.0,0.2930158652365208,23,2400.0,3.7406898368315344,-0.9928806751966477,600.0,0.0,0.5741115939350746,-7.8814618163219405,-1.7990809675525075,-3.9250059049656185,0.0,-6.242993328426303,-1.420106064711581,-0.039116917084902524
0.12,-0.892446716678387,-3.9413502436575527,-0.9992225706577301,0.0026611328125,0.0019762515468755735,0.028530253935605286,0.5951271265745163,-3.5930169573611876,0.04,0.0,0.40912738591432574,-0.08831479866057634,0.45780346617102624,-0.03126674615778029,1.303239424449586,672.0,0.08652706440142237,0.0001891981424705591,0.0,-7.212131015266446,-5.936605314402018,-7.120872976614829,2531.0,0.0089111328125,-2.2036009904054517,7.071049774870787,1686956.0,0.29675028696656225,24,2500.0,3.66410653125305,-0.9918907880783081,625.0,0.0,0.6566844585672567,-7.05753086719312,-1.0524478916701292,-3.8161801150966417,0.0,-6.333178986308853,-1.4306124329290468,-0.04045604784041643
0.49,-0.8906262688367861,-3.3261534030006468,-0.9992529898881912,0.002685546875,0.0019845751987304537,0.028152525145560502,0.6008895337581635,-2.9929904899663162,0.0,0.0,0.4175212152302265,-0.09143449105322361,0.4658476449549198,-0.03252784293144941,1.6062924087061234,821.0,0.18133462282398452,0.00018197656172560527,0.0,-6.738125167799983,-5.631190852984407,-6.636033211861969,2068.0,0.00576171875,-2.358713732078374,6.569920821118293,1753012.0,0.2998118788003922,25,2600.0,3.0642564145872577,-0.9918459102511406,650.0,0.0,0.45026532511917383,-6.550549031810119,-1.9037051739857382,-3.2980427175480367,0.18635809987819732,-6.394415677705549,-1.45081192850339,-0.04236422851681709
0.54,-0.8886303513936582,-3.15871291237618,-0.9992935881018639,0.003564453125,0.0019366270658792927,0.02824436277151108,0.6055505514144898,-2.853391497468818,0.08,0.0,0.4266818337142467,-0.09466369468718767,0.47446158453822135,-0.033340872079133985,0.9958717535261167,644.0,0.13577586206896552,0.00017233783910342027,0.0,-6.385515295842071,-6.24971229275055,-6.316628171608951,1856.0,0.008251953125,-2.468312739520259,6.27576298760394,1815188.0,0.30166183710098265,26,2700.0,2.934870224863051,-0.9921044379472732,675.0,0.0,0.4036572512706206,-6.221824542380336,-1.5391765475921795,-3.172897469148441,0.0,-6.362772634241418,-1.4305163220346002,-0.0442954670637846
0.67,-0.8885551700484939,-3.607905893509836,-0.9992421701550483,0.00263671875,0.001894356234697625,0.027912314096465708,0.6091860413551331,-3.3131192264240097,0.12,0.0,0.4353982642292976,-0.09163078889250756,0.48223038092255593,-0.034648274350911376,1.4360089958801674,670.0,0.13366336633663367,0.00018454380151524674,0.0,-6.284906309476316,-6.507486743765488,-6.222021827294183,1616.0,0.0112548828125,-4.238964613259038,6.149841875875883,1872178.0,0.3044715695083141,27,2800.0,3.3886186026135974,-0.9923323571681977,700.0,0.0,0.5040359038400966,-6.091938715377834,-1.4132079889182045,-3.534589414312798,0.013432835820895522,-6.661216805412512,-1.44543335311173,-0.04519722815603018
0.63,-0.8885705207649153,-5.915102628050126,-0.9992870599031448,0.002685546875,0.0019419505464611576,0.028295893361791967,0.6125982418656349,-5.675197698698048,0.0,0.0,0.4418423645198345,-0.09141329396516085,0.4846093088388443,-0.03639227831736207,1.3394402745669478,675.0,0.12454655380894801,0.00017388857813784852,0.0,-6.197329394902887,-7.387279863141553,-6.141793870210286,1654.0,0.00888671875,-5.216057763727295,6.024464285525966,1930534.0,0.3079148642718792,28,2900.0,5.750141070143313,-0.9920757412910461,725.0,0.0,0.43074408717613355,-5.936519781026016,-1.3473376423627719,-5.902497795153481,0.0,-6.835181754013542,-1.445265301631298,-0.04656602209433913
0.32,-0.8898731210676487,-3.966607425742832,-0.999282319843769,0.002392578125,0.0021912815747782586,0.0280157049652189,0.6207178354263305,-3.6834628155908313,0.24,0.0,0.44812033548951147,-0.09072991572320462,0.4906413652002811,-0.036425277963280676,1.9519257890235948,662.0,0.08001871782873186,0.00017501297734270337,0.0,-6.433141513126168,-6.54863130253753,-6.354707656267751,2137.0,0.0137939453125,-8.134902159929597,6.239666391776903,2001848.0,0.308179572224617,29,3000.0,3.7603005059982335,-0.9907314017415046,750.0,0.0,0.5132193986988962,-6.195761853321228,-1.4738477038068758,-3.8711465856833973,0.03927492447129909,-6.859303737148014,-1.4645146108348854,-0.045509112812578675
0.29,-0.8934034105433966,-6.063384474743894,-0.9992611899971962,0.002587890625,0.002042228702339344,0.027685869438573717,0.6242316871881485,-5.842579795642881,0.04,0.0,0.4550154581665993,-0.09157518446445465,0.4950733855366707,-0.03618800872936845,2.1904227727200576,678.0,0.061418685121107264,0.0001800311143597355,0.0,-6.520663532357718,-2.6778731105029707,-6.438134986888736,2312.0,0.010546875,-5.439496964440454,6.243047558604294,2079536.0,0.3086444802582264,30,3100.0,5.9204661707403705,-0.9915350541472435,775.0,0.0,0.4767182512993576,-6.259910670299635,-1.5189698693438505,-6.0443082311390715,0.011799410029498525,-6.306557632690294,-1.4732228274340742,-0.04560126662254334
0.07,-0.8991248929742142,-2.3889292073554005,-0.9992156833410263,0.00244140625,0.002051399409538135,0.02872629030607641,0.6289793357253075,-2.1115726918874578,0.0,0.0,0.46003567352890967,-0.0899215430021286,0.5030291125178337,-0.03730320911854505,2.375097381271156,675.0,0.01702127659574468,0.00019083566148765386,0.0,-8.935769285860811,-4.835789238768277,-8.823890177172206,2585.0,0.007666015625,-9.733180110519076,9.57781865080969,2166638.0,0.3174353189766407,31,3200.0,2.145956297985772,-0.9914856120944023,800.0,0.0,0.49897011994672924,-9.530745673703333,-0.10650327499937826,-2.620349468367462,0.0,-5.384547049630672,-1.5007980480622791,-0.04622710337862372
0.0,-0.8998496181258815,-4.846657975013382,-0.9991077527403831,0.002978515625,0.002071959510794841,0.02845765692181885,0.635955673456192,-4.496605841241396,0.04,0.0,0.46567900404334067,-0.08887251820415258,0.5017320215702057,-0.03893008753657341,2.7460023397687827,890.0,0.024814814814814814,0.00021645629276463297,0.0,-10.392453078233242,-5.193831122794693,-10.211894413096836,2700.0,0.00380859375,-3.30763205382778,12.033588364365807,2256143.0,0.3191440127789974,32,3300.0,4.553724894490427,-0.9913747489452363,825.0,0.0,0.3587672176933233,-11.999326370329864,-1.1370095241463947,-4.837143006485916,0.2786516853932584,-5.708015047957919,-1.5009407364108482,-0.04769968185573816
0.27,-0.8974009462472168,-5.5484849521056185,-0.9991468876600266,0.0027587890625,0.0018795172916725277,0.028701874287799002,0.6408770725131034,-5.219942588691395,0.0,0.0,0.4716608390212059,-0.08661439679563046,0.5043508872389794,-0.04082415262237191,3.689086842765471,684.0,0.06917423259835712,0.00020716403887490741,0.0,-11.293447300866802,-4.254995366162925,-11.120897047567473,2313.0,0.0028564453125,-4.552641785102468,13.141417019671668,2333806.0,0.3201452523469925,33,3400.0,5.310463083493845,-0.992412368953228,850.0,0.0,0.3811988720031871,-13.162397032439188,-1.8067259993928817,-5.522097591172283,0.013157894736842105,-5.107006765082283,-1.5210792977799428,-0.04781128279864788
0.37,-0.896983042951615,-5.548918380396005,-0.9992000460624695,0.00263671875,0.0019016163860214874,0.02836074526421726,0.6474046126008034,-5.217573418936529,0.04,0.0,0.47629978880286217,-0.0918111952021718,0.5068818971514701,-0.041182669531553986,5.7306037479082494,685.0,0.13881151346332404,0.00019454649009276181,0.0,-10.50560105903497,-0.3026438311544607,-10.263223959243367,2154.0,0.0181640625,-5.658036447620439,12.103247916064653,2404718.0,0.3206175290048122,34,3500.0,5.299141720996319,-0.9922932118177414,875.0,0.0,0.4061436467748415,-12.125800294770709,-1.282310439265499,-5.486771301697881,0.017518248175182483,-5.0790097629092275,-1.5093810450227465,-0.04766127848997712
0.53,-0.8975547591078794,-5.4080905672948365,-0.999083423614502,0.0031005859375,0.0015889575181063265,0.02714133313857019,0.6536675363779068,-5.184473185364306,0.04,0.0,0.4841454431414604,-0.09336257930845022,0.5090255171060563,-0.03797006998211146,6.013025827559163,717.0,0.18493150684931506,0.00022223241576284635,0.0,-10.228506720319178,-2.787867184618284,-10.015115474340751,1898.0,0.005029296875,-6.426578609215318,11.806883292243274,2467168.0,0.3216635905206203,35,3600.0,5.3183342271931835,-0.9939790144562721,900.0,0.0,0.6271213479495495,-11.759418898286324,-2.7010057764396884,-5.355287955738457,0.07670850767085077,-3.7135529319349216,-1.5050667812713072,-0.051642073690891264
0.78,-0.8984456364269136,-6.185662685175842,-0.9990831166505814,0.0029296875,0.0014650914672529325,0.02678788546472788,0.6620059043169022,-5.875223918316687,0.04,0.0,0.4887668192386627,-0.09465447440743446,0.5120042786002159,-0.03971840674057603,4.1791738543873205,657.0,0.2419456727732154,0.00022230717404454482,0.0,-8.125600321409154,-1.6900131714646858,-8.042401518490326,1583.0,0.0073974609375,-9.427193973313162,9.0381674041642,2520109.0,0.3236253045499325,36,3700.0,5.99268717858264,-0.9946468755602836,925.0,0.0,0.432954812287848,-9.058671171791351,-2.5315330831671723,-6.151223638165768,0.0,-4.356981734985894,-1.4845532753482984,-0.05181264700368047
0.6,-0.8978508050611709,-5.789824880322904,-0.9990631192922592,0.003173828125,0.001570258114952594,0.02735758824273944,0.6726298406720161,-5.482340227109203,0.0,0.0,0.49440035298466684,-0.09304210413247346,0.5183374539017678,-0.04055076688528061,3.8348711934844077,675.0,0.1293920803123257,0.00022705443479935638,0.0,-8.758660976466823,-1.329228780389927,-8.660450555140201,1793.0,0.0106201171875,-8.051932820577019,9.831652782395683,2581862.0,0.32757507637143135,37,3800.0,5.583751382728248,-0.994079838693142,950.0,0.0,0.45317200171928446,-9.847118364868019,-1.8990604775405429,-5.714218715215955,0.0,-4.334465319821233,-1.4660188641129934,-0.051818381808698175
0.53,-0.8981190428225091,-5.454897002819865,-0.9990220025181771,0.0031494140625,0.001623794311308302,0.027362533379346132,0.6810456469655037,-5.116246013081083,0.0,0.0,0.505158717930317,-0.09697684571146965,0.52099150121212,-0.04047025172039866,3.0089199227309096,675.0,0.12133468149646107,0.0002368148707319051,0.0,-9.506146796466211,-1.9950750278186193,-9.33959051028204,1978.0,0.006787109375,-7.4555577816428285,10.252480616341964,2648964.0,0.3342560440301895,38,3900.0,5.231874684761979,-0.9937911793589592,975.0,0.0,0.38475483402798594,-10.272148260152989,-1.610426079913308,-5.402786829842073,0.0,-4.16126522193535,-1.4524051522741501,-0.05167591916397214
0.7,-0.9032091641347506,-5.321314959313573,-0.998989175260067,0.00322265625,0.001536793221021071,0.027008527284488083,0.6927867695689202,-4.955238257352036,0.16,0.0,0.5176007136702537,-0.10246198438107967,0.5243719056248665,-0.041068701259791854,3.3156457730011697,1013.0,0.27356853672643144,0.0002446096914354712,0.0,-6.2564340458836325,-1.8145431787236412,-6.1323504907875,1729.0,0.0142578125,-8.625472453102292,5.9178010989628405,2705134.0,0.33980452790856364,39,4000.0,5.085171749925527,-0.994260273873806,1000.0,0.0,0.3804533990730012,-5.93133064075922,-1.9109274688522804,-5.25681421573221,0.3583415597235933,-4.1182109839611165,-1.4331280691825667,-0.05304721146821976
0.74,-0.9054764920598245,-5.435196378524415,-0.9990093514323235,0.0037841796875,0.0014473105606157334,0.026643543411046265,0.6987221449613571,-5.202467908945463,0.0,0.0,0.5270627111196518,-0.10553014166653156,0.5289028152823448,-0.041875889897346495,2.878335406786006,676.0,0.2777440873256519,0.0002398201799223898,0.0,-7.98576784136606,-2.0136105069330164,-7.876713954425452,1649.0,0.01396484375,-8.573668991228834,7.898882019777167,2759532.0,0.3429877534508705,40,4100.0,5.354989889073034,-0.9947427436709404,1025.0,0.0,0.6809307556228017,-7.873285583223208,-2.1239609064995806,-5.417559638340617,0.0014792899408284023,-4.031048008667254,-1.4332457838900154,-0.05154258422553539
