train_0/avg_q,train_0/mu_grads,train_1/reward,train_1/reward_-27.0_frac,train/success_rate,train_0/fw_bonus,train_1/q_grads_std,train_1/subgoal_succ_rate,test_1/avg_q,train_1/reward_-1.0_frac,train_1/fw_bonus,train_1/next_q,test_0/avg_q,train_1/avg_q,train_1/n_subgoals,policy/steps,test/success_rate,train_0/reward_-1.0_frac,train_1/q_loss,train_1/current_q,train_1/mu_loss,train_0/mu_loss,train_0/q_grads_std,train_1/mu_grads_std,train_0/reward_-0.0_frac,test_1/n_subgoals,test_1/subgoal_succ_rate,train/episodes,train_0/target_q,epoch,test/episodes,train_0/q_loss,train_0/reward,train_1/q_grads,train_0/q_grads,train_1/target_q,train_0/mu_grads_std,train_1/fw_loss,train_1/mu_grads,train_1/reward_-0.0_frac,train_0/fw_loss,train_0/next_q,train_0/current_q
-8.383457658848643,0.010245612962171436,-2.6611573041522205,0.0,0.0,-0.9956570535898208,0.12338018510490656,0.0025925925925925925,-6.539730991383965,0.0110107421875,-0.9932864502072334,-3.617249177125146,-2.0279394350864086,-10.466564697590758,2700.0,90964.0,0.0,0.0129638671875,1.1260651804388346,-5.434007366335619,3.623478711514147,8.204493450812787,0.1306012634187937,0.11868198160082102,0.0,3430.0,0.8341107871720117,100.0,-8.313181494996162,0,25.0,1.3255258172069628,-0.6070502475038666,0.022855620877817274,0.010405544959940016,-5.394810197366906,0.11877429094165563,0.07526302486658096,-0.0007253026589751244,0.0,0.03147137695923448,-8.216320119716311,-8.203445708067266
-21.308297755541165,0.010403197281993926,-2.6715627980142016,0.0,0.0,-0.9979006692767143,0.13608481772243977,0.013333333333333334,-7.58578328181736,0.009033203125,-0.9913293153047562,-3.6438027582962405,-1.879655487949961,-18.02859336482127,2700.0,181364.0,0.0,0.0547607421875,1.035538415003694,-5.429429539610289,3.6441520713060513,8.621028315569413,0.1477672252804041,0.1344438198953867,0.0,16040.0,0.9947630922693267,200.0,-8.65209001513573,1,50.0,1.9139128495546611,-0.5894837105639453,0.0201997896656394,0.004067843605298549,-5.389876146791633,0.11883577052503824,0.09062948990613222,-0.003644296247512102,0.0,0.015652289567515253,-8.614293788385455,-8.532988548688724
-23.739971798830524,0.010397935751825571,-2.6108942071001366,0.0,0.0,-0.9985772997140885,0.1444017607718706,0.013333333333333334,-11.731873417702715,0.0072998046875,-0.9903541818261147,-4.975493967967033,-1.693962753221262,-18.85180020684925,2700.0,271742.0,0.0,0.096484375,0.7400148761669721,-6.379808263272983,4.974910624438408,8.451819216205644,0.16239472553133966,0.14585348814725876,0.0,12428.0,0.9820566462825877,300.0,-8.692441837412897,2,75.0,1.1002356209811883,-0.5866865605868952,0.01680344850756228,0.004576285439543426,-6.340873994277773,0.1188345642760396,0.09828581567853689,-0.00426555824233219,0.0,0.010881540551781654,-8.498649224414587,-8.553488058101374
-24.440662533481557,0.010393862635828555,-2.611739733134891,0.0,0.0,-0.9988713607192039,0.1554555032402277,0.01,-12.731185802840539,0.0069580078125,-0.9893417477607727,-5.801350768782399,-12.043653217582632,-19.869130399944115,2700.0,362405.0,0.0,0.069287109375,0.48109955923021663,-7.012941042548202,5.79273199219614,9.491265818641343,0.17461831644177436,0.1545665442943573,0.0,8293.0,0.9539370553478838,400.0,-9.586106783713067,3,100.0,1.3865477665583923,-0.5881699885347189,0.013988957065157593,0.006683764746412635,-6.975500315350496,0.11883167866617442,0.10623492021113634,-0.003431435296079144,0.0,0.008808195171877743,-9.479966427568565,-9.432634081472258
-26.018437075559426,0.010294183110818266,-2.6063295321462645,0.0,0.0,-0.9989625498652458,0.1623582925647497,0.01,-11.583542331899748,0.0068115234375,-0.9885017216205597,-5.659373284336293,-14.482833949530539,-19.844548886932234,2700.0,452957.0,0.0,0.0583251953125,0.4448003751164058,-6.903095330703152,5.663053047232011,9.68931643698559,0.1813075676560402,0.16039393171668054,0.0,1377.0,0.5294117647058824,500.0,-9.804715049898254,4,125.0,1.3668652463418236,-0.5863617296301527,0.01042863680049777,0.006511447043158114,-6.876830150869756,0.12417569886893035,0.11283038817346096,-0.004738586768507957,0.0,0.00816528252325952,-9.688042959749776,-9.658778638061921
-25.09724220175554,0.00996356273535639,-2.612311303538809,0.0,0.0,-0.9989982977509498,0.1712905254215002,0.01037037037037037,-12.595252374027583,0.0065673828125,-0.9881124004721642,-5.7572111237707935,-0.0009126502034017131,-19.662764529237045,2700.0,543603.0,0.0,0.0802001953125,0.40580265722167247,-6.993990152238437,5.766316033104929,0.0032363659578158134,0.18655702844262123,0.16871238313615322,0.0,3433.0,0.8342557529857267,600.0,-0.5884227265240721,5,150.0,0.4832718595865947,-0.5880918620718149,0.006640687794424593,0.004077747650444508,-6.969360533974623,0.1320035308599472,0.11588716767728328,-0.005243911501020193,0.0,0.007913122675381601,-0.0032474678763163185,-0.0038889437921651544
-16.462336394255495,0.009281955729238688,-2.6444135979982093,0.0,0.0,-0.9990218788385391,0.18210065327584743,0.012222222222222223,-12.296519399202413,0.0066650390625,-0.9888604536652565,-5.666719504660866,-7.3916699792535825,-19.865065020704503,2700.0,634089.0,0.0,0.0556884765625,0.4738597562895208,-6.967648374163811,5.701912434194329,9.614470312054507,0.20027967542409897,0.178238832205534,0.0,3457.0,0.8356956899045415,700.0,-9.750029593645285,6,175.0,0.9116592643954309,-0.5952022469351504,0.002917571528814733,0.0023421351215802133,-6.943248583977635,0.13551203422248365,0.11001381408423186,-0.006601882737595588,0.0,0.007746930432040245,-9.611758527522,-9.601562014566614
-26.003661495960895,0.01051205766852945,-2.640838928029916,0.0,0.0,-0.9989617362618446,0.19431878440082073,0.014444444444444444,-11.248927004427244,0.0068603515625,-0.9892834484577179,-5.129726888316185,-2.653338397043917,-20.229695477870393,2700.0,724409.0,0.0,0.070751953125,0.3886201071609235,-6.559172416974825,5.133290343270591,9.394144760676166,0.20253562442958356,0.18180664852261544,0.0,2780.0,0.7863309352517985,800.0,-9.613349243054634,7,200.0,0.8492984613758177,-0.6025663635231467,-0.0006351802498102188,0.00047104517580009997,-6.53067379354429,0.15057279020547867,0.10669266190379859,-0.008175842999480664,0.0,0.008170925790909677,-9.394555929181964,-9.401875164113452
-24.547178109777114,0.010031137708574533,-2.668568347884866,0.0,0.0,-0.9990014776587486,0.20744118168950082,0.016296296296296295,-12.449223540572888,0.00693359375,-0.990191350877285,-4.833145485809311,-2.879434706957925,-19.91220445878506,2700.0,814689.0,0.0,0.0537841796875,0.4042795195914438,-6.3648412925541065,4.843970009249595,4.425825962209072,0.21193338222801686,0.18544908091425896,0.0,3406.0,0.8326482677627716,900.0,-4.7138014341873475,8,225.0,1.0791387829699162,-0.611017458376591,-0.0032807274314109237,-0.005317396891769022,-6.350411679010768,0.15589391738176345,0.09956417102366685,-0.009126934804953635,0.0,0.007890796510037035,-4.39121485699132,-4.3551337503962255
-19.510200529362557,0.012287184596061707,-2.6698575054033427,0.0,0.0,-0.9989728480577469,0.22030785195529462,0.012222222222222223,-11.752043072997198,0.005419921875,-0.9906605005264282,-4.856316545080088,-8.836509765998513e-05,-20.124767157734325,2700.0,905178.0,0.0,0.0687255859375,0.3303724461404929,-6.3743911854356305,4.866299899079451,0.1728108729254491,0.21777518689632416,0.18924339450895786,0.0,4158.0,0.8698893698893699,1000.0,-0.7898414357354105,9,250.0,0.6457368513941759,-0.6192683615350688,-0.00707690273411572,-0.009352629189379513,-6.361019397796589,0.16794417500495912,0.09588076341897249,-0.010193220665678382,0.0,0.008092545077670366,-0.17442510887669951,-0.1800771176410061
-15.736082841029788,0.012345767137594521,-2.664607332037849,0.0,0.0,-0.9990613371133804,0.22901297099888324,0.00962962962962963,-10.765491571016176,0.00537109375,-0.9913394972681999,-5.323356615025331,-18.26986822696272,-19.82843610203179,2700.0,995804.0,0.0,0.0553955078125,0.32475589115643694,-6.70920475325263,5.327212139221423,9.687839662097968,0.22114304043352603,0.19272330589592457,0.0,1351.0,0.5196150999259808,1100.0,-9.81518936158408,10,275.0,1.3410695622888875,-0.6124606460416544,-0.010837701288983226,-0.008333984948694705,-6.698652389298319,0.16792306303977966,0.09054963029921055,-0.012175894412212073,0.0,0.007468744134530425,-9.662245510618558,-9.6224980326238
-26.543679422100936,0.012345273629762232,-2.619110413098679,0.0,0.0,-0.9991026416420936,0.23849144876003264,0.014074074074074074,-13.967564015524179,0.006396484375,-0.9918713331222534,-5.302705912305314,-12.877772427385285,-20.20745032966157,2700.0,1086200.0,0.0,0.0461181640625,0.34099710835713576,-6.659841211549737,5.315978732020308,9.931435139161955,0.22463805750012397,0.1965074509382248,0.0,2703.0,0.779134295227525,1200.0,-10.056256308653579,11,300.0,1.328589716726278,-0.6133132601455145,-0.015079984441399574,-0.00836104869376868,-6.655473899702602,0.16792291402816772,0.08637376986443997,-0.014685114612802863,0.0,0.007177433359902352,-9.912079317020424,-9.877349422060519
-26.5456039978765,0.012341406452469528,-2.6929635448035696,0.0,0.0,-0.9992068752646446,0.24797577001154422,0.014074074074074074,-13.163819984064762,0.0067626953125,-0.9922643199563026,-4.843520589464224,-20.63230010882714,-19.886684534202832,2700.0,1176613.0,0.0,0.0438232421875,0.2591327717888953,-6.363617374119935,4.855060181308289,10.038775015493039,0.22965845204889773,0.1999890383332968,0.0,1351.0,0.5196150999259808,1300.0,-10.120994255594661,12,325.0,1.7788472783525626,-0.6111054282460827,-0.019095339719206093,-0.008098663110285998,-6.350111088577352,0.16792126446962358,0.08328820243477822,-0.015625663893297316,0.0,0.006442617543507367,-10.02580086035098,-9.968324320874922
-26.66767427736985,0.0068094493704847995,-2.6544868762073746,0.0,0.0,-0.9992732644081116,0.25876816362142563,0.012592592592592593,-12.126973154332054,0.005908203125,-0.992532467842102,-5.0203731273337295,-18.0422060635099,-20.0912699241822,2700.0,1267085.0,0.0,0.0291259765625,0.25739265169029063,-6.445929551372993,5.023355805154695,9.974539436359137,0.23753097504377366,0.20493430458009243,0.0,676.0,0.0014792899408284023,1400.0,-10.063783514696407,13,350.0,1.5261382067799976,-0.6125502489874635,-0.024400544445961715,-0.00881152122747153,-6.4376644716362845,0.16964901685714723,0.08118292652070522,-0.018319196067750454,0.0,0.005974508041981607,-9.966030447928683,-9.89724065064
-21.1794304712118,0.007363457232713699,-2.601598834141987,0.0,0.0,-0.9992317572236061,0.27321132495999334,0.01037037037037037,-9.877682327285688,0.005615234375,-0.9930896669626236,-4.3111882838094875,-3.09413658420493e-06,-19.832288947687616,2700.0,1357609.0,0.0,0.0296142578125,0.3436501682533627,-5.902872651166478,4.315220231447023,1.8478157516253457e-07,0.24515585601329803,0.20994022376835347,0.0,676.0,0.0014792899408284023,1500.0,-0.6118258944196824,14,375.0,0.5147290638038177,-0.6118257610509318,-0.027361139841377734,-0.007381144887767732,-5.891704693629281,0.18669158220291138,0.07680798210203647,-0.020696301432326435,0.0,0.006267152319196612,-1.9212830929645306e-07,-1.3787272799371786e-06
-4.763467013717331e-06,0.007363460026681423,-2.666367889155299,0.0,0.0,-0.9991665750741958,0.29155518114566803,0.011111111111111112,-9.379931035998663,0.0057373046875,-0.9934744849801064,-4.469186656405675,-7.2215004213103935e-06,-19.130008466393924,2700.0,1448277.0,0.0,0.043505859375,0.38413900214461855,-6.105666220235628,4.467316851155272,6.207001511606854e-07,0.2451540060341358,0.21377163790166379,0.0,675.0,0.0,1600.0,-0.6236934727803554,15,400.0,0.529552498997174,-0.6236930099112215,-0.0290743475779891,-0.0073859102907590565,-6.103390870741192,0.18669158220291138,0.07378662377595901,-0.02282754248008132,0.0,0.006726752547547221,-6.738075506964769e-07,-2.9399448046267513e-06
-9.066112888033601e-06,0.007363461423665285,-2.6094451089549695,0.0,0.0,-0.9991559594869613,0.31001356095075605,0.021111111111111112,-8.344172977181147,0.004736328125,-0.9934933289885521,-4.575857517211491,-2.5579335858788414e-06,-19.48098066562119,2700.0,1538425.0,0.0,0.0332763671875,0.38896737987359764,-6.196554658610073,4.5638774905934465,2.4767782783774247e-06,0.2451416954398155,0.2232626758515835,0.0,1352.0,0.5199704142011834,1700.0,-0.635923460190307,16,425.0,0.5448262393209207,-0.6359218013629289,-0.032567739859223364,-0.0074136878829449415,-6.189305061378109,0.18669158220291138,0.07363871578127146,-0.0251827082131058,0.0,0.006801596225704998,-2.4730269501751673e-06,-9.081704320565622e-06
-3.3487422015033363,0.012136395089328289,-2.594202369458435,0.0,0.0,-0.9991441115736961,0.32521083652973176,0.011851851851851851,-8.716410334379468,0.0052734375,-0.9934598714113235,-4.374847409482444,-0.5391514807704424,-19.70851371462377,2700.0,1628867.0,0.0,0.0440185546875,0.34802668115633517,-6.070933375831378,4.38115896015062,0.8535721129054,0.24984322898089886,0.23054780699312688,0.0,1376.0,0.5290697674418605,1800.0,-1.36403340920825,17,450.0,0.5940295679913519,-0.6377132729139703,-0.03748052753508091,-0.018103325134143235,-6.06591175934941,0.21001031138002874,0.0739013945683837,-0.02743296199478209,0.0,0.006885129096917808,-0.842997124028415,-0.9169522798862824
-5.960004209359294,0.012134750373661518,-2.666022102865827,0.0,0.0,-0.9990807563066483,0.3358279250562191,0.015925925925925927,-10.380350078814025,0.0044189453125,-0.9932632088661194,-4.976201383434412,-4.742141955957804e-11,-19.43408811671121,2700.0,1719228.0,0.0,0.03291015625,0.4156461801328725,-6.582155714219335,4.98348546240393,4.5069765253648245e-09,0.25236234068870544,0.2335758950561285,0.0,675.0,0.0,1900.0,-0.6461752190392117,18,475.0,0.5576452454682729,-0.646175217219934,-0.040672172978520396,-0.01846493878401816,-6.580619972500654,0.21001194417476654,0.07544546872377396,-0.027711681090295315,0.0,0.007331833802163601,-2.1666720682163958e-08,-2.119617426966782e-07
-7.760849651930408e-09,0.012134750373661518,-2.6375545500068256,0.0,0.0,-0.9990963891148568,0.35040473863482474,0.013703703703703704,-10.610649387440336,0.0034423828125,-0.9931381240487098,-4.779687022092791,-3.315015955430203e-11,-19.428649544766717,2700.0,1809675.0,0.0,0.0498779296875,0.4915676923049267,-6.433598210370585,4.79001491552327,2.5644357895741712e-08,0.25236257910728455,0.2372139524668455,0.0,675.0,0.0,2000.0,-0.6510497326262985,19,500.0,0.563736954430162,-0.651049731288731,-0.04417024897411466,-0.018462543468922378,-6.4294717326006126,0.21001194417476654,0.07642758190631867,-0.030350280040875078,0.0,0.007221598655451089,-3.485986121302899e-09,-1.7755881980749465e-07
-1.9617887250464295e-08,0.012134750373661518,-2.6838842575827586,0.0,0.0,-0.9991044923663139,0.36270410642027856,0.013333333333333334,-10.593521306415177,0.0038818359375,-0.9927147522568702,-4.91243444438133,-3.403759653664241e-11,-19.452269890674366,2700.0,1900189.0,0.0,0.0309814453125,0.573947024074428,-6.562754695840074,4.930987118754294,3.4156259460011555e-09,0.2523637168109417,0.2395136531442404,0.0,4124.0,0.8685741998060136,2100.0,-0.6419514190711214,20,525.0,0.5523653161389037,-0.6419514171044284,-0.04684334993362427,-0.018459229031577706,-6.560065833429055,0.21001194417476654,0.07975162230432034,-0.0326972896233201,0.0,0.007164415961597115,-3.8277416939124106e-09,-8.376377875545465e-08
-4.5691617140937564e-08,0.012134750373661518,-2.641488473861318,0.0,0.0,-0.9991374462842941,0.37593685984611513,0.015185185185185185,-9.013108232068825,0.0035888671875,-0.9921013653278351,-4.370104001340476,-6.86509727951829e-11,-19.645300317215117,2700.0,1990708.0,0.0,0.0480712890625,0.6733696467207176,-6.085148747445446,4.399787451937275,1.717206854347857e-08,0.2524376600980759,0.24198003970086573,0.0,3453.0,0.8355053576600058,2200.0,-0.6428934971061662,21,550.0,0.5535487598871306,-0.6428934937186568,-0.050334601942449805,-0.018392864614725113,-6.082531113458947,0.21001194417476654,0.08456779941916466,-0.03487537270411849,0.0,0.006932056555524468,-1.1366673722740226e-08,-2.4321786160417727e-07
-5.084024787023212,0.006930210092104971,-2.7429838469623062,0.0,0.0,-0.9991979986429215,0.3899556793272495,0.013333333333333334,-8.908636184969598,0.0028076171875,-0.9918084233999253,-4.352835291765954,-7.78281426782127,-19.679805169400453,2700.0,2081147.0,0.0,0.030517578125,0.4771921344680578,-6.128451037030002,4.389107341855539,8.576229883890168,0.2569029115140438,0.2452982746064663,0.0,3430.0,0.8341107871720117,2300.0,-8.778170658006587,22,575.0,0.6544837793215562,-0.6395211794646457,-0.05506688039749861,-0.019359830021858215,-6.121906151562749,0.21042119823396205,0.08686769027262926,-0.036409045569598675,0.0,0.006505158508662135,-8.55183463170656,-8.596606172653983
-25.764779845072145,0.006932674045674503,-2.7425340175293966,0.0,0.0,-0.999258004128933,0.40150598883628846,0.00962962962962963,-10.008260354118525,0.0037109375,-0.9919866546988487,-4.328047864208953,-18.38154836606174,-19.756874035295663,2700.0,2171854.0,0.0,0.02666015625,0.5026043269160057,-6.069977088699041,4.349816788489643,10.162669628029175,0.2584549553692341,0.24916635900735856,0.0,2728.0,0.781524926686217,2400.0,-10.239397406843276,23,600.0,1.4276495179237956,-0.6286414043879631,-0.059185054153203964,-0.01901006358675659,-6.071386224303831,0.2104212362319231,0.08546839449554682,-0.03898527882993221,0.0,0.006082106591202318,-10.131466519850425,-10.107986274188033
-26.549416630235378,0.0069389222655445336,-2.747399946213773,0.0,0.0,-0.9992891818284988,0.4118429683148861,0.011481481481481481,-10.649388937276905,0.0041748046875,-0.9916017234325409,-3.851245701737401,-13.88823958658871,-19.93660367800839,2700.0,2262406.0,0.0,0.0259033203125,0.33624556888549784,-5.6918962367743635,3.8789283987110084,9.263599669494406,0.26102995350956915,0.25224817246198655,0.0,677.0,0.0029542097488921715,2500.0,-9.53648655331313,24,625.0,0.8363155828049601,-0.6133415811087616,-0.06352510284632444,-0.019469162356108426,-5.685431287320879,0.21042160093784332,0.08849056884646415,-0.040960962790995835,0.0,0.0058622937533073126,-9.277203809985952,-9.30784911563208
-26.548026557992866,0.006919225852470845,-2.649992739882509,0.0,0.0,-0.9993544027209282,0.42037243098020555,0.011851851851851851,-9.331296804363351,0.003955078125,-0.9916945978999138,-4.038507547527466,-16.913406594126972,-20.04014837056486,2700.0,2352906.0,0.0,0.023681640625,0.2923644609820082,-5.758741026232944,4.061054028814719,9.959734142737494,0.2643350251019001,0.25576822459697723,0.0,1351.0,0.5196150999259808,2600.0,-10.088504031263076,25,650.0,1.2756251467142565,-0.606857644378033,-0.06661913357675076,-0.02001216714270413,-5.747249200539386,0.21042731627821923,0.08776150681078435,-0.0436398234218359,0.0,0.005402378435246646,-9.95150250972838,-9.928251773149352
-26.62797247605503,0.006855969130992889,-2.618644284605762,0.0,0.0,-0.9994133353233338,0.42592613101005555,0.013333333333333334,-10.876512124393503,0.0035400390625,-0.9912519574165344,-4.778057345613024,-19.627260017451334,-20.022054830883313,2700.0,2443253.0,0.0,0.0244873046875,0.3057754520774303,-6.263876475187075,4.794977363737364,9.809649953992576,0.26736858636140826,0.2591310299932957,0.0,1351.0,0.5196150999259808,2700.0,-9.896100107596812,26,675.0,1.4601006226255688,-0.5933958164383512,-0.06980276498943568,-0.02019789647310972,-6.25503997618147,0.21043428964912891,0.09123699925839901,-0.0459124444052577,0.0,0.004986825829837472,-9.793938131203761,-9.741634995304851
-16.672550753554095,-0.0020088537130504847,-2.6174811740751465,0.0,0.0,-0.9994541496038437,0.4294133186340332,0.012222222222222223,-10.982055286020321,0.0037841796875,-0.9913602381944656,-4.807980511233811,-1.0532280207335593e-10,-19.990034063299532,2700.0,2533678.0,0.0,0.026416015625,0.1995042863399669,-6.259066107872001,4.810496149859825,2.5018651816268894e-08,0.27125197649002075,0.2607355073094368,0.0,675.0,0.0,2800.0,-0.5856789959689007,27,700.0,0.4820760981527066,-0.5856789682417002,-0.07344132997095584,-0.017921213805675507,-6.2485634706469355,0.2127426266670227,0.09038666635751724,-0.04764498146250844,0.0,0.004699083068408072,-2.847657290755006e-08,-2.6162483743606326e-07
-7.62624289280674e-06,-0.0020087752724066376,-2.666856511779406,0.0,0.0,-0.9994258850812912,0.4326266460120678,0.016666666666666666,-10.658162145820215,0.003564453125,-0.9908147275447845,-4.99264784281296,-2.766517658469677e-11,-19.87992608828458,2700.0,2623869.0,0.0,0.0227783203125,0.18889941547318068,-6.436708756471566,4.995079411978668,1.4010270871125875e-07,0.27125148475170135,0.26128321811556815,0.0,2703.0,0.779134295227525,2900.0,-0.5889680593041853,28,725.0,0.4861803518932012,-0.5889677994666271,-0.07737349886447191,-0.017923012422397733,-6.431181947416638,0.2127426415681839,0.09466985408216715,-0.05009180074557662,0.0,0.004898400697857142,-2.66595299368881e-07,-1.0633029789902023e-06
-5.200005098723024e-06,-0.0020085560507141055,-2.567287476517231,0.0,0.0,-0.9994226649403573,0.4371217764914036,0.013333333333333334,-11.10837897972018,0.0042724609375,-0.9903901368379593,-4.949727416988273,-7.063766405088574e-11,-19.98715675275276,2700.0,2714234.0,0.0,0.0273193359375,0.23152730882994232,-6.361118384998722,4.9610828491509364,3.8285064360160565e-07,0.2712500624358654,0.26271782666444776,0.0,675.0,0.0,3000.0,-0.5887841289131486,29,750.0,0.4859512890668552,-0.5887838883685618,-0.08170958682894706,-0.017941268580034374,-6.349901911267041,0.21274270117282867,0.0980034451931715,-0.05212506167590618,0.0,0.004921121115330607,-2.46378764351635e-07,-2.1600565057070865e-06
-0.014694291670410425,-0.0012459498830139637,-2.644673938201231,0.0,0.0,-0.9994050726294518,0.4431061655282974,0.012962962962962963,-12.791680976723853,0.00400390625,-0.990121528506279,-4.81442476595199,-6.765259844672623e-16,-20.01051830322762,2700.0,2804707.0,0.0,0.0296875,0.20048969599358157,-6.277210519185703,4.842468084242293,1.3718456091897537e-08,0.27309752330183984,0.2652026802301407,0.0,2728.0,0.781524926686217,3100.0,-0.5908486606826113,30,775.0,0.4885326412528495,-0.5908485847390693,-0.08333638720214367,-0.019883656688034535,-6.270166615997576,0.2130027562379837,0.10011243578046561,-0.05287976944819093,0.0,0.0050450873444788154,-7.749341137078026e-08,-1.0768190875202486e-07
-7.581306962768436e-09,-0.0012459498830139637,-2.5794128919646027,0.0,0.0,-0.9994254410266876,0.44906738549470904,0.01074074074074074,-16.737519839203273,0.0038330078125,-0.9904054746031761,-5.132169231523325,-1.734690096546571e-16,-20.136668768226414,2700.0,2895242.0,0.0,0.0182373046875,0.24695538052474345,-6.478998664468497,5.161335961420498,8.962796951454614e-12,0.2731461822986603,0.2678706765174866,0.0,2027.0,0.6926492353231376,3200.0,-0.5885648570712931,31,800.0,0.48567857280981774,-0.5885648570638295,-0.0867389315739274,-0.01994982734322548,-6.469712596927755,0.2130027562379837,0.09788305964320898,-0.053913564700633285,0.0,0.004901513352524489,-7.61721525528181e-12,-4.3337600110142844e-10
-2.1952274370500009e-10,-0.0012459498830139637,-2.5924307803885314,0.0,0.0,-0.9994699284434319,0.45438442304730414,0.011111111111111112,-10.573479572610745,0.0032470703125,-0.9903285801410675,-5.309188314496258,-9.512101453298163e-16,-20.309372029277068,2700.0,2985782.0,0.0,0.021142578125,0.1661294790890864,-6.626208548519019,5.318902510833674,9.277974589672241e-12,0.2731461822986603,0.2711861848831177,0.0,3455.0,0.8356005788712012,3300.0,-0.5891802274632347,32,825.0,0.48644995793257345,-0.5891802274523797,-0.09037062730640173,-0.01994987390935421,-6.621594524746483,0.2130027562379837,0.09848674368113279,-0.05627744924277067,0.0,0.004587831284152344,-1.1077247693534565e-11,-7.904041890394331e-11
-1.172969223444931e-08,-0.0012459498830139637,-2.6017312672051047,0.0,0.0,-0.999475160241127,0.45886728912591934,0.011851851851851851,-11.667263381379295,0.002978515625,-0.9909094423055649,-5.781166439510424,-4.777882682347857e-16,-20.290244445790634,2700.0,3076257.0,0.0,0.0219970703125,0.1968503535414336,-6.996175761629024,5.777292322264705,1.3652139183202561e-11,0.27314627170562744,0.27358427494764326,0.0,3431.0,0.8341591372777616,3400.0,-0.5873504764666908,33,850.0,0.4841626261755395,-0.5873504764604149,-0.09358704276382923,-0.019950264925137164,-6.99629975616926,0.2130027562379837,0.09392614252865314,-0.058417893294245,0.0,0.004551065166015178,-6.404635637318868e-12,-1.4620919910561562e-10
-6.453386982472006e-07,-0.0012459498830139637,-2.6051022435494815,0.0,0.0,-0.9994780108332634,0.46380959302186964,0.015555555555555555,-13.960606845121665,0.0030517578125,-0.9917224481701851,-5.323834006444528,-1.645898893745431e-18,-20.021981553825434,2700.0,3166557.0,0.0,0.020751953125,0.18772605723559135,-6.645714777950498,5.320487255051762,1.397740344365621e-12,0.2736741006374359,0.2752350874245167,0.0,1377.0,0.5294117647058824,3500.0,-0.5901893259164304,34,875.0,0.4877105481873035,-0.5901893259135249,-0.09727636091411114,-0.020379839511588217,-6.638125038610411,0.2130027562379837,0.08754277098923921,-0.06130307745188475,0.0,0.00453090847004205,-2.964999483362555e-12,-5.725377130673872e-11
-5.449156078511779e-11,-0.0012459498830139637,-2.6948925377579145,0.0,0.0,-0.9995048150420189,0.4677279680967331,0.013333333333333334,-10.75326772209908,0.0030029296875,-0.9917039439082146,-4.551764971495604,-2.361459994436296e-17,-20.13928000316427,2700.0,3256924.0,0.0,0.023291015625,0.21386159715903147,-6.109187394524639,4.551896944962192,1.1401232294801603e-12,0.2736741304397583,0.2779039487242699,0.0,3457.0,0.8356956899045415,3600.0,-0.5871015445910839,35,900.0,0.4838516644029333,-0.5871015445827652,-0.09977760557085276,-0.020380052365362646,-6.105101092812569,0.2130027562379837,0.08768809046596289,-0.06311203110963107,0.0,0.004341913072858005,-8.488604335163756e-12,-6.673685681444312e-11
-1.4406635673945528e-10,-0.0012459498830139637,-2.6254050236409965,0.0,0.0,-0.9995221942663193,0.47426552027463914,0.011481481481481481,-7.840839298285431,0.0028564453125,-0.992220675945282,-4.232570399410106,-6.16263643995287e-18,-20.083865646598106,2700.0,3347423.0,0.0,0.0218505859375,0.24395854481680262,-5.828775034990633,4.236756849725287,2.145092072613403e-13,0.2736741602420807,0.281014221906662,0.0,2027.0,0.6926492353231376,3700.0,-0.5898524726217838,36,925.0,0.4872911366055265,-0.5898524726213509,-0.09959501400589943,-0.020380963338539004,-5.823236756800268,0.2130027562379837,0.08363088816404343,-0.06650143284350633,0.0,0.004219346464378759,-4.4202352322655065e-13,-3.04358785384021e-10
-7.374868391405493e-11,-0.0012459498830139637,-2.6755477818889633,0.0,0.0,-0.9995242759585381,0.47932257503271103,0.014074074074074074,-14.16959173712626,0.002490234375,-0.9923278495669365,-5.497262829840795,-1.4545244768139688e-17,-20.070310482423896,2700.0,3437844.0,0.0,0.02158203125,0.2890128343192925,-6.833554855505293,5.525115899113638,1.5801034987512372e-13,0.2736741602420807,0.28252786844968797,0.0,675.0,0.0,3800.0,-0.5897980623576755,37,950.0,0.4872220515062319,-0.5897980623572948,-0.10227154884487391,-0.020382470963522793,-6.822555487951038,0.2130027562379837,0.08278951160609722,-0.06886710096150636,0.0,0.004204643855337054,-3.8853287749248426e-13,-8.660822976022665e-11
-1.5338241308517808e-10,-0.0012459498830139637,-2.6521554258000832,0.0,0.0,-0.9995313361287117,0.48159106001257895,0.015555555555555555,-13.47082537183335,0.0024169921875,-0.9928746342658996,-5.567554946761755,-4.2931769078575165e-18,-20.24640095945073,2700.0,3528197.0,0.0,0.0228759765625,0.21079090976688963,-6.863079676260819,5.578372183593023,2.0081015505927646e-13,0.2736744537949562,0.28339107409119607,0.0,675.0,0.0,3900.0,-0.5893786825195039,38,975.0,0.48669794688125007,-0.5893786825192364,-0.10467937793582678,-0.020391663582995535,-6.8527573764481815,0.2130027562379837,0.07849637866020202,-0.06944076996296644,0.0,0.004154926486080512,-2.730394426560539e-13,-2.356029752062124e-10
-6.564412052448773e-11,-0.0012459498830139637,-2.651403976934307,0.0,0.0,-0.9995368793606758,0.48647875934839246,0.009259259259259259,-16.068131247942677,0.0024169921875,-0.9929450124502182,-6.2571746573645965,-1.270249236746877e-16,-20.21818753094908,2700.0,3618847.0,0.0,0.0233642578125,0.266329564026251,-7.394809586379449,6.256435753018877,5.952589498649726e-13,0.27367310374975207,0.2830354042351246,0.0,1353.0,0.5203252032520326,4000.0,-0.5890138577893935,39,1000.0,0.4862432091432087,-0.58901385778845,-0.10808086302131414,-0.02040837500244379,-7.374831427631138,0.2130027562379837,0.07794387526810169,-0.07102153673768044,0.0,0.004115834238473326,-9.631684934062204e-13,-5.576266933660774e-11
-7.732301364602117e-11,-0.0012459498830139637,-2.653250467824182,0.0,0.0,-0.9995368212461472,0.49390351101756097,0.016296296296296295,-14.015438469971729,0.0021240234375,-0.9929335206747055,-6.091108036707679,-1.0698755605669752e-16,-20.076755476913704,2700.0,3709127.0,0.0,0.0224609375,0.1940863203433929,-7.274383928388239,6.096115349939275,2.0842870150327524e-12,0.27366126254200934,0.2838695041835308,0.0,675.0,0.0,4100.0,-0.5917787341455797,40,1025.0,0.4897004680489269,-0.5917787341448275,-0.10891600232571363,-0.020454374607652426,-7.261126235861072,0.2130027562379837,0.07803404778242111,-0.07073484212160111,0.0,0.004116288787918166,-7.679308896045619e-13,-1.852853032791984e-10
-0.7747004370774464,0.00812220472143963,-2.65242375081325,0.0,0.0,-0.9995106995105744,0.5018862307071685,0.008148148148148147,-12.154941697951672,0.0023193359375,-0.9926295682787896,-5.558552095412805,-4.668243600478999,-20.23668864623579,2700.0,3799853.0,0.0,0.0247314453125,0.2978256844701991,-6.8718849755871005,5.566931610801386,5.047872156980915,0.27842145338654517,0.2854940786957741,0.0,2053.0,0.6970287384315635,4200.0,-4.864499508971053,41,1050.0,1.5035681373923921,-0.5905820190997474,-0.11040054447948933,-0.027737015392631292,-6.855540420145952,0.2362718664109707,0.08042051866650582,-0.07146678231656552,0.0,0.004300442000385374,-4.969610533137406,-4.959804158962933
-21.690800099260954,0.007829812029376626,-2.6277222496653847,0.0,0.0,-0.9994759172201156,0.5076900750398636,0.014074074074074074,-11.951797589058957,0.0033203125,-0.9916751399636269,-4.841412082240662,-12.796449999714973,-20.030997112176212,2700.0,3890291.0,0.0,0.0240478515625,0.37313773038014586,-6.300601204999963,4.859525349197652,9.344575759922972,0.27838641703128814,0.28692217022180555,0.0,675.0,0.0,4300.0,-9.50769918144276,42,1075.0,0.7076253784048198,-0.5885957841121126,-0.11108799520879983,-0.027884485293179752,-6.284382277642145,0.24287580959498883,0.08791432362049818,-0.07305970508605242,0.0,0.00454568910645321,-9.349731800144227,-9.349182549998705
-26.25779177594627,0.005070790182799101,-2.615536487224017,0.0,0.0,-0.9994321808218956,0.5117493569850922,0.015925925925925927,-13.619906300068982,0.002880859375,-0.9903930306434632,-4.884308660624072,-18.719484926630397,-19.963997148334172,2700.0,3980606.0,0.0,0.028857421875,0.2541933050797528,-6.310466194949025,4.885366537827243,9.796015774141239,0.2788988836109638,0.2885202348232269,0.0,1377.0,0.5294117647058824,4400.0,-9.85645337866681,43,1100.0,1.265667212869408,-0.5929976948336844,-0.11185988672077656,-0.028700515069067477,-6.302787706652044,0.24545924440026284,0.09798083417117595,-0.07415706794708968,0.0,0.004853973037097603,-9.77234066187741,-9.704799634886339
-26.51639928341062,0.010303745977580547,-2.5853891175640458,0.0,0.0,-0.9994447514414787,0.5171972587704659,0.014814814814814815,-12.828092783478038,0.003759765625,-0.990067207813263,-4.9023347980425065,-12.514747315817576,-20.18919390755034,2700.0,4071002.0,0.0,0.021044921875,0.24706436818877395,-6.3043414395116,4.8989730258362965,9.54614668450811,0.2796121135354042,0.29007756859064104,0.0,675.0,0.0,4500.0,-9.667795186480706,44,1125.0,1.0674511540699148,-0.589704936954513,-0.11353902835398913,-0.0296553551685065,-6.296952469483841,0.24799174070358276,0.10053888633847237,-0.07472870405763388,0.0,0.004765410197433084,-9.545425699157523,-9.517849854214658
-26.53557198527518,0.010303742252290249,-2.521362640685402,0.0,0.0,-0.9994639351963996,0.5211639866232872,0.012222222222222223,-11.254914940706486,0.0028564453125,-0.9890638336539268,-4.672531135505873,-14.386346359654286,-20.139777458408084,2700.0,4161459.0,0.0,0.0248046875,0.30802790379595246,-6.103445175134075,4.669269489467597,9.706496886699094,0.2808156557381153,0.29222635328769686,0.0,675.0,0.0,4600.0,-9.821299641511382,45,1150.0,1.0472265381833004,-0.5909182293842605,-0.1147280476987362,-0.03022254235111177,-6.087245518893357,0.24799174070358276,0.108416891656816,-0.07578865177929402,0.0,0.004630134662147611,-9.709844094722019,-9.679854261746398
-26.564261023991865,0.010303651914000511,-2.560997327684163,0.0,0.0,-0.9994803965091705,0.526498767733574,0.01037037037037037,-11.13515931207884,0.0021240234375,-0.989619193971157,-5.6959365433248115,-18.40526066110813,-20.146634057351353,2700.0,4252087.0,0.0,0.025634765625,0.3867162227737823,-6.862508867408136,5.689306930857959,9.415361744906319,0.28180027306079863,0.29323542192578317,0.0,1351.0,0.5196150999259808,4700.0,-9.564763977735078,46,1175.0,0.8609364918611689,-0.5855573535758595,-0.1159326085820794,-0.030032815132290124,-6.847885026137545,0.24799171090126038,0.10405651405453682,-0.07673949655145407,0.0,0.004514094348996878,-9.409540922813022,-9.399685358978514
-26.721009474647595,0.010303743183612823,-2.616073284115191,0.0,0.0,-0.9995048567652702,0.5321942761540412,0.012222222222222223,-11.781887147908913,0.001806640625,-0.9899034991860389,-4.776778832268596,-21.28974210602037,-20.134059702944914,2700.0,4342552.0,0.0,0.023486328125,0.23187382472378681,-6.218072994318646,4.7749812429482414,9.917863599466784,0.28387595638632773,0.29481716752052306,0.0,675.0,0.0,4800.0,-9.98680639169828,47,1200.0,1.3778272742548083,-0.5895734810710564,-0.11686395201832056,-0.03005401585251093,-6.201774114519912,0.24799174070358276,0.10182436481118202,-0.07742063626646996,0.0,0.004341559554450214,-9.905115010485067,-9.839947780053267
-26.730803388081206,0.010301155038177967,-2.5747119932235365,0.0,0.0,-0.9995450422167778,0.5351811096072197,0.011481481481481481,-12.719583961598879,0.00185546875,-0.9903518825769424,-5.310924857903226,-20.728155641951137,-20.184306459862867,2700.0,4433193.0,0.0,0.023974609375,0.2667304257079609,-6.602256950908133,5.297574720463465,9.99156782999492,0.285704156011343,0.29733057171106336,0.0,1351.0,0.5196150999259808,4900.0,-10.06437293344441,48,1225.0,1.6157065770688235,-0.5864707330969395,-0.1188651330769062,-0.02981372196227312,-6.588631236357308,0.247990682721138,0.09830385036766529,-0.07871413100510835,0.0,0.0040582625253591685,-9.978774871211987,-9.91441803234558
-26.730276050353933,0.010301155038177967,-2.590117183804614,0.0,0.0,-0.9995444774627685,0.5400994837284088,0.01037037037037037,-13.983551805811151,0.0012939453125,-0.9907421678304672,-5.443084411256639,-16.74595083174491,-20.135899924236014,2700.0,4523790.0,0.0,0.0244140625,0.20997993264059941,-6.683343394937561,5.443020610247407,9.890865854254681,0.28824960738420485,0.2976909205317497,0.0,2053.0,0.6970287384315635,5000.0,-9.962141315984685,49,1250.0,1.4587473243397597,-0.5853902699051104,-0.12147925719618798,-0.029742359882220626,-6.670208802560015,0.247990682721138,0.09523947518318891,-0.08084010779857635,0.0,0.00406223923782818,-9.87276707689288,-9.800819500122515
-26.73434082373051,0.010301215574145317,-2.6017242572484975,0.0,0.0,-0.9995394304394722,0.5468608483672142,0.014074074074074074,-12.537938414373404,0.001318359375,-0.9906616628170013,-5.523432127257026,-19.34206061318778,-20.195665647678997,2700.0,4614284.0,0.0,0.0230224609375,0.21824990994365684,-6.774059991815899,5.536296273916017,9.87943378211707,0.2900529034435749,0.29807612374424935,0.0,675.0,0.0,5100.0,-9.994113119527466,50,1275.0,1.4060055611037519,-0.5889961854016292,-0.12305166944861412,-0.030520049296319483,-6.7559302535515915,0.2479907125234604,0.09587151315063239,-0.08167720623314381,0.0,0.004097838333109394,-9.879713239076086,-9.833980625507882
-26.762922441292343,0.010301215574145317,-2.5519010893272935,0.0,0.0,-0.9995479971170426,0.5526794284582138,0.015555555555555555,-8.554959555993152,0.0013427734375,-0.9903680175542832,-5.026765876685483,-18.108476398959787,-20.121214257840993,2700.0,4704638.0,0.0,0.023583984375,0.22203030199095694,-6.368542878097185,5.010965699223393,10.0034983037495,0.29307173043489454,0.3004780150949955,0.0,2028.0,0.6928007889546351,5200.0,-10.044624591254466,51,1300.0,1.9196475547155216,-0.5833037469401461,-0.12414941098541021,-0.030931660626083612,-6.360747918841468,0.2479907125234604,0.09817709792405367,-0.08261672183871269,0.0,0.004037436243379489,-9.983709550874499,-9.905580768644963
